1253959	Udepur	Udepur	Udepur,Ūdepur	29.14936	73.83815	P	PPL	IN		24	099	465		0		185	Asia/Kolkata	2024-01-06
1254571	Thotya	Thotya		28.85267	73.5811	P	PPL	IN		24	101	475		0		193	Asia/Kolkata	2024-01-06
1254627	Tharusar	Tharusar		28.52417	72.98845	P	PPL	IN		24	101	474		0		165	Asia/Kolkata	2024-01-06
1255338	Surjansar	Surjansar		29.06403	73.46985	P	PPL	IN		24	099	464		0		163	Asia/Kolkata	2024-01-06
1255361	Suratgarh	Suratgarh	Suratgarh,Suratgarkh,Sūratgarh,Суратгарх	29.3215	73.89979	P	PPL	IN		24	099	465		70536		172	Asia/Kolkata	2025-08-05
1255546	Sukhchainpura	Sukhchainpura		29.33764	73.36959	P	PPL	IN		24	099	464		0		161	Asia/Kolkata	2024-01-06
1255567	Suin	Suin	Sui,Suin	28.7446	74.10685	P	PPL	IN		24	101	475		0		203	Asia/Kolkata	2024-01-06
1256395	Sīasar	Siasar		28.47004	72.94694	P	PPL	IN		24	101	474		0		165	Asia/Kolkata	2024-01-06
1256453	Shivpura	Shivpura		29.31309	73.28682	P	PPL	IN		24	099	462		0		155	Asia/Kolkata	2024-01-06
1256560	Sherpura	Sherpura	Poharwala,Poharwāla,Sherpura	29.1747	73.06021	P	PPL	IN		24	099	462		0		150	Asia/Kolkata	2024-01-06
1257105	Sarūpsar	Sarupsar		29.35673	73.70355	P	PPL	IN		24	099	465		0		165	Asia/Kolkata	2024-01-06
1257202	Sardārgarh	Sardargarh		29.37543	73.74466	P	PPL	IN		24	099	465		0		168	Asia/Kolkata	2024-01-06
1257710	Sākhi	Sakhi		28.96065	72.87658	P	PPL	IN		24	099	463		0		142	Asia/Kolkata	2024-01-06
1257770	Purāna Sohajrāsar	Purana Sohajrasar	Purana Sohajrasar,Purāna Sohajrāsar,Saijarasar,Saijarāsar	28.34367	73.75973	P	PPL	IN		24	101	473		0		202	Asia/Kolkata	2024-01-06
1257870	Sadolai	Sadolai		28.61723	73.26835	P	PPL	IN		24	101	479		0		187	Asia/Kolkata	2024-01-06
1258068	Rojri	Rojri		28.806	73.07423	P	PPL	IN		24	099	463		0		146	Asia/Kolkata	2024-01-06
1258486	Rangmahal	Rangmahal		29.38967	73.95932	S	RSTN	IN		24	100	469		0		173	Asia/Kolkata	2024-01-06
1258513	Rāner	Raner		28.88396	73.28633	P	PPL	IN		24	101	479		0		161	Asia/Kolkata	2024-01-06
1258533	Ranāwāla	Ranawala		28.58779	72.89959	P	PPL	IN		24	101	474		0		151	Asia/Kolkata	2024-01-06
1258557	Rām Singhpur	Ram Singhpur		29.17321	73.37382	S	RSTN	IN		24	099	462		0		159	Asia/Kolkata	2024-01-06
1258586	Rāmpura	Rampura		29.39289	73.95495	P	PPL	IN		24	100	469		0		174	Asia/Kolkata	2024-01-06
1258588	Rāmpura	Rampura		28.98404	73.72701	P	PPL	IN		24	101	475		0		205	Asia/Kolkata	2024-01-06
1258647	Ramliali	Ramliali	Bamanwan,Ramliali	28.3604	73.51987	P	PPL	IN		24	101	475		0		196	Asia/Kolkata	2024-01-06
1258854	Rājiyāsar	Rajiyasar	Rajisar,Rajiyasar,Rājiyāsar,Rājīsar	29.03723	73.86386	P	PPL	IN		24	099	465		0		193	Asia/Kolkata	2024-01-06
1258902	Rājasar	Rajasar		28.53741	73.98836	P	PPL	IN		24	101	475		0		217	Asia/Kolkata	2024-01-06
1259043	Raghunāthpura	Raghunathpura	Raghu Nathpura,Raghu Nāthpura,Raghunathpura,Raghunāthpura	29.21391	73.60054	P	PPL	IN		24	099	464		0		161	Asia/Kolkata	2024-01-06
1259287	Pūgal	Pugal	Pugal,Pūgal	28.50921	72.80864	P	PPL	IN		24	101	474		0		148	Asia/Kolkata	2024-01-06
1259731	Phulsar	Phulsar		28.85048	72.96601	P	PPL	IN		24	099	6915		0		142	Asia/Kolkata	2024-01-06
1259752	Phulān	Phulan		28.97742	73.18104	P	PPL	IN		24	099	463		0		147	Asia/Kolkata	2024-01-06
1260180	Pātamdesar	Patamdesar	Patamdesar,Pātamdesar	28.36049	74.18218	P	PPL	IN		24	102	483		0		235	Asia/Kolkata	2024-01-06
1261187	Northern Ghaggar Canal	Northern Ghaggar Canal	N.G.C.,Northern Ghaggar Canal	29.34425	73.93811	H	CNL	IN		00				0		171	Asia/Kolkata	2012-09-06
1262711	Motigarh	Motigarh		28.48397	73.11383	P	PPL	IN		24	101	479		0		184	Asia/Kolkata	2024-01-06
1262718	Motāsur	Motasur		28.64652	73.43362	P	PPL	IN		24	101	475		0		203	Asia/Kolkata	2024-01-06
1262850	Mohkampura	Mohkampura	Mohkampura,Mokampur,Mōkampur	28.69888	73.83754	P	PPL	IN		24	101	475		0		199	Asia/Kolkata	2024-01-06
1262854	Mōkalsar	Mokalsar		28.99876	73.90197	P	PPL	IN		24	099	465		0		198	Asia/Kolkata	2024-01-06
1263662	Mānna	Manna		28.56493	73.38877	P	PPL	IN		24	101	475		0		209	Asia/Kolkata	2024-01-06
1264063	Malkīsar Railroad Station	Malkisar Railroad Station	MLC,Malkisar,Malkisar Railroad Station,Malkisar Station,Malkīsar,Malkīsar Railroad Station	28.64426	73.86659	S	RSTN	IN		24	101	475		0		200	Asia/Kolkata	2024-01-06
1264203	Makrāsar	Makrasar		28.42136	73.3721	P	PPL	IN		24	101	475		0		214	Asia/Kolkata	2024-01-06
1264467	Mahājan	Mahajan		28.78613	73.84354	P	PPL	IN		24	101	475		0		197	Asia/Kolkata	2024-01-06
1264541	Madiali	Madiali		28.7072	73.30617	P	PPL	IN		24	101	479		0		186	Asia/Kolkata	2024-01-06
1264667	Lūnkaransar	Lunkaransar	LKS,Lunkaransar,Lūnkaransar	28.4973	73.74939	S	RSTN	IN		24	101	475		0		192	Asia/Kolkata	2024-01-06
1264668	Lūnkaransar	Lunkaransar	Lunkaransar,Lūnkaransar,Sar	28.50128	73.75525	P	PPL	IN		24	101	475		0		193	Asia/Kolkata	2024-01-06
1265223	Lakhusar	Lakhusar		28.33048	73.19194	P	PPL	IN		24	101	473		0		186	Asia/Kolkata	2024-01-06
1265776	Kuināna	Kuinana		28.72158	73.60013	P	PPL	IN		24	101	475		0		205	Asia/Kolkata	2024-01-06
1266777	Khera	Khera		28.47752	73.56325	P	PPL	IN		24	101	475		0		221	Asia/Kolkata	2024-01-06
1266921	Khāri	Khari		28.34155	73.63796	P	PPL	IN		24	101	475		0		195	Asia/Kolkata	2024-01-06
1266949	Kharbara	Kharbara		28.94227	73.41296	P	PPL	IN		24	101	479		0		173	Asia/Kolkata	2024-01-06
1267126	Khāl	Khal	Khai,Khal,Khāi,Khāl	29.08819	73.36518	P	PPL	IN		24	099	462		0		158	Asia/Kolkata	2024-01-06
1267326	Kelasar	Kelasar		28.46384	73.25922	P	PPL	IN		24	101	479		0		197	Asia/Kolkata	2024-01-06
1267679	Karru	Karru		29.09059	73.94601	P	PPL	IN		24	099	465		0		196	Asia/Kolkata	2024-01-06
1267697	Karnisar	Karnisar		28.34302	73.05466	P	PPL	IN		24	101	474		0		179	Asia/Kolkata	2024-01-06
1267913	Kapūrīsar	Kapurisar	Kapurisar,Kapūrisar,Kapūrīsar	28.64282	73.92271	P	PPL	IN		24	101	475		0		200	Asia/Kolkata	2024-01-06
1268064	Kanhor	Kanhor		29.24579	74.13008	P	PPL	IN		24	099	465		0		181	Asia/Kolkata	2024-01-06
1268316	Kālu	Kalu		28.37957	73.89184	P	PPL	IN		24	101	475		0		207	Asia/Kolkata	2024-01-06
1268421	Kaliānkot	Kaliankot		29.27427	73.60034	S	RSTN	IN		24	099	464		0		167	Asia/Kolkata	2024-01-06
1268454	Kālasar	Kalasar		28.37367	73.3076	P	PPL	IN		24	101	473		0		191	Asia/Kolkata	2024-01-06
1268539	Kakrāla	Kakrala		28.61173	72.97551	P	PPL	IN		24	101	479		0		155	Asia/Kolkata	2024-01-06
1269061	Jetsar	Jetsar		29.34496	73.66216	S	RSTN	IN		24	099	464		0		163	Asia/Kolkata	2024-01-06
1269160	Jasuntsar	Jasuntsar		28.87547	73.78802	P	PPL	IN		24	101	475		0		208	Asia/Kolkata	2024-01-06
1269483	Jaitpur	Jaitpur		28.87696	74.06428	P	PPL	IN		24	101	475		0		197	Asia/Kolkata	2024-01-06
1269576	Jagdiala	Jagdiala		28.35	73.48333	S	RSTN	IN		24	101	475		0		194	Asia/Kolkata	2024-01-06
1270024	Hisamki	Hisamki		29.07213	73.04735	P	PPL	IN		24	099	462		0		150	Asia/Kolkata	2024-01-06
1270213	Hāthusar	Hathusar		28.94452	73.57311	P	PPL	IN		24	101	475		0		183	Asia/Kolkata	2024-01-06
1270374	Hardāswāli	Hardaswali		29.20927	73.72929	P	PPL	IN		24	099	465		0		171	Asia/Kolkata	2024-01-06
1270954	Gopālsar	Gopalsar		29.05679	73.65342	P	PPL	IN		24	099	465		0		188	Asia/Kolkata	2024-01-06
1271006	Gomewāli	Gomewali		29.04278	73.43961	P	PPL	IN		24	099	464		0		162	Asia/Kolkata	2024-01-06
1271500	Gharsīsar	Gharsisar	Garsisar,Gharsisar,Gharsīsar	28.41785	74.19902	P	PPL	IN		24	102	483		0		231	Asia/Kolkata	2024-01-06
1271593	Gārabdesar	Garabdesar	Garabdenar,Garabdesar,Gārabdenar,Gārabdesar	28.44222	74.01104	P	PPL	IN		24	101	475		0		214	Asia/Kolkata	2024-01-06
1271994	Eta	Eta		29.16631	74.17555	P	PPL	IN		24	100	470		0		183	Asia/Kolkata	2024-01-06
1272257	Dulmera	Dulmera	Dalmera,Dulmera	28.40924	73.65605	S	RSTN	IN		24	101	475		0		199	Asia/Kolkata	2024-01-06
1272761	Dhirera	Dhirera	DHRR,Dhirera	28.36154	73.59851	S	RSTN	IN		24	101	475		0		187	Asia/Kolkata	2024-01-06
1273060	Dhāba	Dhaba		29.01992	73.30366	P	PPL	IN		24	099	462		0		155	Asia/Kolkata	2024-01-06
1273065	Dewāsar	Dewasar		28.88095	73.47241	P	PPL	IN		24	101	475		0		184	Asia/Kolkata	2024-01-06
1273562	Dandu	Dandu		29.0781	74.15583	P	PPL	IN		24	100	7213		0		191	Asia/Kolkata	2024-01-06
1273563	Dandu	Dandu		28.88569	73.11319	P	PPL	IN		24	099	463		0		145	Asia/Kolkata	2024-01-06
1274530	Chattargarh	Chattargarh		28.67065	73.12507	P	PPL	IN		24	101	479		0		167	Asia/Kolkata	2024-01-06
1275133	Bugiān	Bugian		29.37332	73.62305	P	PPL	IN		24	099	464		0		165	Asia/Kolkata	2024-01-06
1275509	Bīrmāna	Birmana	Birmana,Birmāna,Bīrmāna	29.16701	73.72706	P	PPL	IN		24	099	465		0		175	Asia/Kolkata	2024-01-06
1275533	Biradliwāl	Biradliwal	Biradhwal,Biradliwal,Biradliwal Railroad Station,Biradliwāl,Biradliwāl Railroad Station,Birdhawal,Birdhāwāl,Bīradhwāl	29.17497	73.89663	S	RSTN	IN		24	099	465		0		190	Asia/Kolkata	2024-01-06
1275691	Bijenagar	Bijenagar		29.24343	73.52169	S	RSTN	IN		24	099	464		0		161	Asia/Kolkata	2024-01-06
1276197	Bhanaothala	Bhanaothala		28.36999	72.99652	P	PPL	IN		24	101	474		0		173	Asia/Kolkata	2024-01-06
1276290	Bhāgsar	Bhagsar	Bhagsar,Bhāgsar	29.1166	73.44478	P	PPL	IN		24	099	464		0		159	Asia/Kolkata	2024-01-06
1276872	Bāropāl	Baropal		29.35885	74.08692	P	PPL	IN		24	100	469		0		174	Asia/Kolkata	2024-01-06
1277144	Bara Delāna	Bara Delana		28.59022	73.61283	P	PPL	IN		24	101	475		0		207	Asia/Kolkata	2024-01-06
1277536	Balochia	Balochia		29.24812	73.45875	P	PPL	IN		24	099	464		0		159	Asia/Kolkata	2024-01-06
1278109	Awa	Awa		28.69561	73.02156	P	PPL	IN		24	101	479		0		153	Asia/Kolkata	2024-01-06
1278352	Arsīsar	Arsisar	Arsisar,Arsīsar	28.40765	74.1267	P	PPL	IN		24	102	483		0		233	Asia/Kolkata	2024-01-06
1278402	Arjansar	Arjansar	AS,Arjansar,Arjansar Flag Station	28.93084	73.87148	S	RSTN	IN		24	101	475		0		198	Asia/Kolkata	2024-01-06
1278510	Anūpgarh	Anupgarh	Anupgarh,Anūpgarh	29.19111	73.20861	P	PPL	IN		24	099	462		33309		156	Asia/Kolkata	2024-01-06
1278683	Anandgarh	Anandgarh		28.77866	72.96448	P	PPL	IN		24	099	6915		0		137	Asia/Kolkata	2024-01-06
1279367	Adamwāla Kera	Adamwala Kera		29.04009	72.99053	P	PPL	IN		24	099	462		0		148	Asia/Kolkata	2024-01-06
1332218	Ādsar	Adsar	Adsar,Ādsar	28.32144	73.8964	P	PPL	IN		24	101	475		0		215	Asia/Kolkata	2024-01-06
1332219	Bhanipura	Bhanipura		28.33472	73.89389	P	PPL	IN		24	101	475		0		215	Asia/Kolkata	2024-01-06
1332220	Rāwasar	Rawasar		28.35148	73.95444	P	PPL	IN		24	101	475		0		222	Asia/Kolkata	2024-01-06
1332221	Chāndsar	Chandsar		28.35365	73.98003	P	PPL	IN		24	101	475		0		223	Asia/Kolkata	2024-01-06
1332222	Nāthūsar	Nathusar		28.35645	73.97152	P	PPL	IN		24	101	475		0		217	Asia/Kolkata	2024-01-06
1332223	Bassi	Bassi		28.3725	73.88028	P	PPL	IN		24	101	475		0		210	Asia/Kolkata	2024-01-06
1332224	Thori	Thori		28.47556	73.76472	P	PPL	IN		24	101	475		0		203	Asia/Kolkata	2024-01-06
1332225	Kālūbās	Kalubas	Kalubas,Kaluwas,Kaluwās,Kālūbās	28.49054	73.77725	P	PPL	IN		24	101	475		0		203	Asia/Kolkata	2024-01-06
1332226	Dhingania	Dhingania		28.51417	73.83	P	PPLQ	IN		24	101	475		0		201	Asia/Kolkata	2024-01-06
1332227	Kishnāsar	Kishnasar		28.51267	73.8936	P	PPL	IN		24	101	475		0		208	Asia/Kolkata	2024-01-06
1332228	Rājpura Hudān	Rajpura Hudan	Rajpura,Rajpura Hudan,Rājpura Hudān	28.51684	73.91857	P	PPL	IN		24	101	475		0		206	Asia/Kolkata	2024-01-06
1332229	Pāndūsar	Pandusar	Pandusar,Pāndūsar	28.54978	73.98774	P	PPL	IN		24	101	475		0		217	Asia/Kolkata	2024-01-06
1332230	Manāpursar	Manapursar	Manaparsar,Manapursar,Manāparsar,Manāpursar	28.55454	73.97638	P	PPL	IN		24	101	475		0		213	Asia/Kolkata	2024-01-06
1332231	Nāthwāna	Nathwana	Nathwana,Nathwāna,Nāthwāna	28.53241	73.83105	P	PPL	IN		24	101	475		0		198	Asia/Kolkata	2024-01-06
1332232	Udāna	Udana		28.56833	73.7675	P	PPLQ	IN		24	101	475		0		193	Asia/Kolkata	2024-01-06
1332233	Nai Bhādera	Nai Bhadera	Bhadera,Hariasar,Hariāsar,Nai Bhadera,Nai Bhādera	28.60655	73.82322	P	PPL	IN		24	101	475		0		196	Asia/Kolkata	2024-01-06
1332234	Goplān	Goplan		28.6115	73.93117	P	PPL	IN		24	101	475		0		202	Asia/Kolkata	2024-01-06
1332235	Shaikhsar	Shaikhsar		28.6049	73.97974	P	PPL	IN		24	101	475		0		206	Asia/Kolkata	2024-01-06
1332236	Pachār	Pachar		28.59306	73.99306	P	PPL	IN		24	101	475		0		206	Asia/Kolkata	2024-01-06
1332237	Dhīrdān	Dhirdan	Dhirdan,Dhirdān,Dhīrdān	28.57214	73.9761	P	PPL	IN		24	101	475		0		215	Asia/Kolkata	2024-01-06
1332238	Tejana Bās	Tejana Bas		28.64833	73.78583	P	PPLQ	IN		24	101	475		0		191	Asia/Kolkata	2024-01-06
1332239	Piperān	Piperan	Piperan,Piperān	28.65014	73.8695	P	PPL	IN		24	101	475		0		198	Asia/Kolkata	2024-01-06
1332240	Malkīsar Bara	Malkisar Bara	Malkisar,Malkisar Bara,Malkīsar Bara	28.65357	73.90635	P	PPL	IN		24	101	475		0		199	Asia/Kolkata	2024-01-06
1332241	Malkīsar Chhota	Malkisar Chhota	Malkisar Chhota,Malkisar Chota,Malkīsar Chhota	28.67704	73.9129	P	PPL	IN		24	101	475		0		200	Asia/Kolkata	2024-01-06
1332242	Baderan	Baderan		28.6913	73.76542	P	PPL	IN		24	101	475		0		190	Asia/Kolkata	2024-01-06
1332243	Chhillāali Dhāni	Chhillaali Dhani	Chhillaali Dhani,Chhillāali Dhāni	28.75218	73.98801	P	PPL	IN		24	101	475		0		197	Asia/Kolkata	2024-01-06
1332244	Manoria	Manoria		28.75859	73.772	P	PPL	IN		24	101	475		0		196	Asia/Kolkata	2024-01-06
1332245	Serpura	Serpura		28.76635	73.91648	P	PPL	IN		24	101	475		0		198	Asia/Kolkata	2024-01-06
1332246	Gesura	Gesura		28.81377	73.8645	P	PPL	IN		24	101	475		0		192	Asia/Kolkata	2024-01-06
1332247	Baladesar	Baladesar		28.82716	73.76476	P	PPL	IN		24	101	475		0		196	Asia/Kolkata	2024-01-06
1332248	Lalera	Lalera		28.86194	73.82444	P	PPL	IN		24	101	475		0		200	Asia/Kolkata	2024-01-06
1332249	Asrasar	Asrasar		28.88597	73.78074	P	PPL	IN		24	101	475		0		197	Asia/Kolkata	2024-01-06
1332250	Ramsara	Ramsara		28.93409	73.7705	P	PPL	IN		24	101	475		0		202	Asia/Kolkata	2024-01-06
1332251	Arjansar	Arjansar		28.90513	73.94419	P	PPL	IN		24	101	475		0		199	Asia/Kolkata	2024-01-06
1332252	Mitharia	Mitharia		28.94584	73.92146	P	PPL	IN		24	101	475		0		198	Asia/Kolkata	2024-01-06
1332253	Singrāsar	Singrasar		28.96474	73.98487	P	PPL	IN		24	099	465		0		198	Asia/Kolkata	2024-01-06
1332254	Didwana	Didwana	Didwana	28.97256	73.93865	P	PPL	IN		24	099	465		0		199	Asia/Kolkata	2024-01-06
1332255	Khāria	Kharia		28.97106	73.91127	P	PPL	IN		24	099	465		0		195	Asia/Kolkata	2024-01-06
1333601	Baror	Baror	Baror	29.16194	73.33944	P	PPL	IN		24	099	462		0		158	Asia/Kolkata	2024-01-06
8227307	Udāsar	Udasar	Udasar,Udāsar	28.99365	74.08045	P	PPL	IN		24	100	7213		0		206	Asia/Kolkata	2024-01-06
8227506	Sabūniya	Sabuniya	Sabuniya,Sabūniya	28.97321	74.04206	P	PPL	IN		24	101	475		0		194	Asia/Kolkata	2024-01-06
8227511	Chhiplāi Dhāni	Chhiplai Dhani	Chhiplai Dhani,Chhiplāi Dhāni	28.90209	74.0139	P	PPL	IN		24	101	475		0		197	Asia/Kolkata	2024-01-06
8227517	Shirāsar	Shirasar	Shirasar,Shirāsar	28.96845	74.10961	P	PPL	IN		24	100	7213		0		194	Asia/Kolkata	2024-01-06
8227593	Birāna Johra	Birana Johra	Birana Johra,Birāna Johra	28.86229	74.00451	H	PND	IN		24				0		196	Asia/Kolkata	2012-04-06
8227594	Chūlīwāla Dhora	Chuliwala Dhora	Chuliwala Dhora,Chūlīwāla Dhora	28.84459	74.06038	T	DUNE	IN		24				0		199	Asia/Kolkata	2012-04-06
8227595	Tālīwāla	Taliwala	Taliwala,Tālīwāla	28.85783	74.08819	P	PPL	IN		24	101	475		0		198	Asia/Kolkata	2024-01-06
8227614	Shekhchūliyābās	Shekhchuliyabas		28.96095	74.19855	P	PPL	IN		24	100	7213		0		194	Asia/Kolkata	2024-01-06
8227615	Daniyāsar	Daniyasar		28.95219	74.16146	P	PPL	IN		24	100	7213		0		196	Asia/Kolkata	2024-01-06
8228008	Lūnāsar	Lunasar		28.88646	74.18931	P	PPL	IN		24	100	7213		0		199	Asia/Kolkata	2024-01-06
8228009	Ratnādesar Dūdli	Ratnadesar Dudli		28.90761	74.15051	P	PPL	IN		24	100	7213		0		200	Asia/Kolkata	2024-01-06
8229682	Rāmkishan ki Dhāni	Ramkishan ki Dhani	Ramkishan ki Dhani,Rāmkishan ki Dhāni	28.7863	74.07807	P	PPL	IN		24	100	7213		0		200	Asia/Kolkata	2024-01-06
8229727	Ghaniyāsar	Ghaniyasar		28.82112	74.12415	P	PPL	IN		24	100	7213		0		199	Asia/Kolkata	2024-01-06
8229731	Suin ki Dhāni	Suin ki Dhani	Suin ki Dhani,Suin ki Dhāni	28.77982	74.12021	P	PPL	IN		24	101	475		0		203	Asia/Kolkata	2024-01-06
8229734	Lādam	Ladam		28.8585	74.16085	P	PPL	IN		24	100	7213		0		200	Asia/Kolkata	2024-01-06
8229739	Naiyāsar	Naiyasar		28.87454	74.15882	P	PPL	IN		24	100	7213		0		201	Asia/Kolkata	2024-01-06
8229741	Mālāsar	Malasar		28.80753	74.17451	P	PPL	IN		24	100	7213		0		204	Asia/Kolkata	2024-01-06
8229743	Sarūpdesar	Sarupdesar		28.84853	74.18603	P	PPL	IN		24	100	7213		0		201	Asia/Kolkata	2024-01-06
8229765	Khelūrwāla Dhora	Khelurwala Dhora		28.83257	74.16551	T	DUNE	IN		24				0		197	Asia/Kolkata	2012-04-06
8279669	Bhātwāla	Bhatwala		28.74038	74.19666	P	PPL	IN		24	102	7209		0		207	Asia/Kolkata	2024-01-06
8279670	Bakhūsar	Bakhusar		28.71881	74.16727	P	PPL	IN		24	101	475		0		213	Asia/Kolkata	2024-01-06
8279671	Dulchāsar	Dulchasar		28.72086	74.16752	P	PPL	IN		24	101	475		0		211	Asia/Kolkata	2024-01-06
8279698	Nainsar Samerivān	Nainsar Samerivan		28.69102	74.18183	P	PPL	IN		24	102	7209		0		211	Asia/Kolkata	2024-01-06
8279699	Bhojāsar Bara	Bhojasar Bara		28.68273	74.19136	P	PPL	IN		24	102	7209		0		207	Asia/Kolkata	2024-01-06
8279700	Māndūla Dhora	Mandula Dhora		28.7647	74.09691	T	DUNE	IN		24				0		203	Asia/Kolkata	2012-05-07
8279701	Mānkāni Nādi	Mankani Nadi		28.78039	74.10434	H	STM	IN		24				0		201	Asia/Kolkata	2012-05-07
8279702	Pūrvāna Talao	Purvana Talao	Purvana Talao,Pūrvāna Talao,Pūrvāna Talāo	28.72089	74.0834	H	PNDI	IN		24				0		199	Asia/Kolkata	2015-02-07
8279703	Sītlānāwāli Vāng	Sitlanawali Vang		28.72703	74.0703	V	TREE	IN		24				0		197	Asia/Kolkata	2015-02-07
8280388	Dāgliya Dhora	Dagliya Dhora		28.77804	74.04827	T	DUNE	IN		24				0		199	Asia/Kolkata	2012-05-07
8280390	Jolwāla Dhora	Jolwala Dhora		28.74842	74.01809	T	DUNE	IN		24				0		202	Asia/Kolkata	2015-02-07
8280392	Khodāla	Khodala	Khodala,Khodāla,Shaikhsar Naya Vas,Shaikhsar Naya Vās	28.63867	74.05646	P	PPL	IN		24	101	475		0		208	Asia/Kolkata	2024-01-06
8280393	Bhīkhrāna Talao	Bhikhrana Talao		28.62431	74.05931	H	PNDI	IN		24				0		206	Asia/Kolkata	2015-02-07
8280394	Jagmalāna Talao	Jagmalana Talao	Jagmalana Talao,Jagmalāna Talao,Jagmalāna Talāo	28.64815	74.12127	H	PNDI	IN		24				0		207	Asia/Kolkata	2015-02-07
8280401	Rāykon ki Dhāni	Raykon ki Dhani		28.611	74.17421	P	PPL	IN		24	102	7209		0		217	Asia/Kolkata	2024-01-06
8333751	Amarpura	Amarpura	Amarpura,Pachara,Pachāra	28.59639	74.05833	P	PPL	IN		24	101	475		0		212	Asia/Kolkata	2024-01-06
8333752	Tikhīyonwāli Pāl	Tikhiyonwali Pal		28.60437	74.03279	T	PLN	IN		24				0		208	Asia/Kolkata	2015-02-07
8333753	Karnīsar	Karnisar		28.54175	74.01918	P	PPL	IN		24	101	475		0		210	Asia/Kolkata	2024-01-06
8333754	Gogāna Talāi	Gogana Talai		28.54813	74.08996	H	PNDI	IN		24				0		215	Asia/Kolkata	2015-02-07
8333757	Nāyeli Johri	Nayeli Johri		28.58895	74.13819	H	PNDI	IN		24				0		214	Asia/Kolkata	2015-02-07
8333758	Rajna Jor	Rajna Jor		28.55238	74.141	H	PNDI	IN		24				0		216	Asia/Kolkata	2015-02-07
8333759	Malsīsar	Malsisar		28.51029	74.11831	P	PPL	IN		24	102	483		0		222	Asia/Kolkata	2024-01-06
8333760	Sonpālsar	Sonpalsar		28.51183	74.16666	P	PPL	IN		24	102	483		0		219	Asia/Kolkata	2024-01-06
8333763	Kīkāsar	Kikasar		28.48209	74.15547	P	PPL	IN		24	102	483		0		218	Asia/Kolkata	2024-01-06
8333764	Kaunlāsar	Kaunlasar		28.46012	74.09359	P	PPL	IN		24	102	483		0		219	Asia/Kolkata	2024-01-06
8333766	Panpālīya	Panpaliya		28.39542	74.11048	P	PPL	IN		24	102	483		0		226	Asia/Kolkata	2024-01-06
8333767	Dhirāsar	Dhirasar	Dhirasar,Dhirāsar,Dhīrāsar	28.48725	74.11154	P	PPL	IN		24	102	483		0		223	Asia/Kolkata	2024-01-06
8333768	Gurkhātiya Dhora	Gurkhatiya Dhora	Ghurkatiya Dhora,Ghurkātiya Dhora,Gurkatiya Dhora,Gurkhatiya Dhora,Gurkhātiya Dhora,Gurkātiya Dhora	28.48452	74.09522	T	DUNE	IN		24				0		243	Asia/Kolkata	2015-04-09
8333769	Chhattāsar	Chhattasar		28.48184	74.0044	P	PPL	IN		24	101	475		0		215	Asia/Kolkata	2024-01-06
8333770	Kāgāsar	Kagasar		28.47572	74.03077	P	PPL	IN		24	101	475		0		215	Asia/Kolkata	2024-01-06
8333771	Somāsar	Somasar		28.38554	74.06829	P	PPL	IN		24	102	483		0		232	Asia/Kolkata	2024-01-06
8333772	Dhakāwāla Dhora	Dhakawala Dhora		28.40495	74.0057	T	DUNE	IN		24				0		233	Asia/Kolkata	2015-04-09
8333773	Hinwāna Jora	Hinwana Jora		28.45507	74.04688	H	PNDI	IN		24				0		211	Asia/Kolkata	2015-04-09
8333774	Kubīya	Kubiya		28.37869	74.00581	P	PPL	IN		24	101	475		0		224	Asia/Kolkata	2024-01-06
8333776	Nakodesar	Nakodesar		28.35572	74.01977	P	PPL	IN		24	101	475		0		225	Asia/Kolkata	2024-01-06
8333778	Jālabsar	Jalabsar		28.30478	74.096	P	PPL	IN		24	101	480		0		238	Asia/Kolkata	2024-01-06
8333780	Tālīyo Jora	Taliyo Jora	Taliyo Jora,Talīyo Jora,Tālīyo Jora	28.35635	74.02453	H	PNDI	IN		24				0		221	Asia/Kolkata	2015-04-09
8333781	Phaktuli Dhora	Phaktuli Dhora	Phaktuli Dhora	28.37168	74.09078	T	DUNE	IN		24				0		243	Asia/Kolkata	2018-12-07
8333782	Nāthi Dhora	Nathi Dhora		28.32338	74.03625	T	DUNE	IN		24				0		245	Asia/Kolkata	2015-04-09
8333784	Jolīsar Dhora	Jolisar Dhora		28.34757	74.14808	T	DUNE	IN		24				0		259	Asia/Kolkata	2015-04-09
8333788	Lākhansar	Lakhansar		28.30391	74.16162	P	PPL	IN		24	101	480		0		241	Asia/Kolkata	2024-01-06
8440936	Rajasar	Rajasar		28.49066	73.34845	P	PPL	IN		24	101	479		0		205	Asia/Kolkata	2024-01-06
8440938	Ramsar	Ramsar		28.30099	72.91524	P	PPL	IN		24	101	474		0		175	Asia/Kolkata	2024-01-06
8540809	Pāndūsar ki Dhāni	Pandusar ki Dhani		28.57859	74.06557	P	PPL	IN		24	101	475		0		214	Asia/Kolkata	2024-01-06
9887558	Bhagorwāla Dhora	Bhagorwala Dhora		28.7424	73.75236	T	DUNE	IN		24				0		205	Asia/Kolkata	2015-01-08
9887559	Munh Talāi	Munh Talai		28.73992	73.79948	H	PNDI	IN		24				0		190	Asia/Kolkata	2015-01-08
9887560	Jatlāiwāla Dhora	Jatlaiwala Dhora		28.73352	73.81639	T	DUNE	IN		24				0		197	Asia/Kolkata	2015-01-08
9887561	Ādītewāla Dhora	Aditewala Dhora		28.69054	73.80034	T	DUNE	IN		24				0		198	Asia/Kolkata	2015-01-08
9887562	Nāk Toki	Nak Toki		28.67941	73.83081	S	FRM	IN		24	101	475		0		194	Asia/Kolkata	2024-01-06
9887563	Tejānāwāli Johri	Tejanawali Johri		28.6355	73.76517	H	PNDI	IN		24				0		191	Asia/Kolkata	2015-01-08
9887564	Tejāna Minor	Tejana Minor		28.64639	73.76384	H	CNL	IN		24				0		195	Asia/Kolkata	2015-04-09
9887565	Chāran Distributary	Charan Distributary		28.60859	73.75013	H	STMD	IN		24				0		194	Asia/Kolkata	2015-01-08
9887566	Bhādera Minor	Bhadera Minor		28.57301	73.76704	H	CNL	IN		24				0		193	Asia/Kolkata	2015-04-09
9887567	Chāran Minor	Charan Minor		28.57226	73.74996	H	CNL	IN		24				0		193	Asia/Kolkata	2015-04-09
9887568	Bhādera Distributary	Bhadera Distributary		28.62403	73.83888	H	STMD	IN		24				0		203	Asia/Kolkata	2015-01-08
9887569	Bīkāner Lūnkaransar Lift Canal	Bikaner Lunkaransar Lift Canal	Bikaner Lunkaransar Lift Canal,Bīkāner Lūnkaransar Lift Canal,Indira Gandhi Nahar,Indira Gāndhi Nahar	28.53057	73.74987	H	CNL	IN		24				0		199	Asia/Kolkata	2015-04-09
9887570	Nāthwāna Railroad Station	Nathwana Railroad Station	NTZ,Nathwana,Nathwana Railroad Station,Nāthwāna,Nāthwāna Railroad Station	28.56404	73.81673	S	RSTN	IN		24	101	475		0		200	Asia/Kolkata	2024-01-06
9887571	Jāngūwāla Johra	Janguwala Johra		28.6751	73.86334	H	PNDI	IN		24				0		191	Asia/Kolkata	2015-01-08
9887572	Bhopālsinghwāli Talāi	Bhopalsinghwali Talai		28.7418	73.86008	H	PNDI	IN		24				0		192	Asia/Kolkata	2015-01-08
9887573	Chhila	Chhila		28.73468	73.96328	P	PPL	IN		24	101	475		0		200	Asia/Kolkata	2024-01-06
9887574	Chūrāna Tāl	Churana Tal		28.71912	73.96189	T	DPR	IN		24				0		197	Asia/Kolkata	2015-01-08
9887575	Mothdoās ki Dhāni	Mothdoas ki Dhani		28.5167	73.95129	P	PPL	IN		24	101	475		0		209	Asia/Kolkata	2024-01-06
9887576	Malkīsar Minor	Malkisar Minor		28.63339	73.87878	H	CNL	IN		24				0		200	Asia/Kolkata	2015-04-09
9887577	Chūla Dhora	Chula Dhora		28.72353	73.99733	T	DUNE	IN		24				0		199	Asia/Kolkata	2015-01-08
9887578	Lūnkaransar Distributary	Lunkaransar Distributary		28.52808	73.79373	H	STMD	IN		24				0		196	Asia/Kolkata	2015-01-08
9887579	Malkīsar Distributary	Malkisar Distributary		28.62915	73.86917	H	STMD	IN		24				0		202	Asia/Kolkata	2015-01-08
9975141	Uchchharang Desarwālī Delwa	Uchchharang Desarwali Delwa		28.48625	73.75268	P	PPL	IN		24	101	475		0		199	Asia/Kolkata	2024-01-06
9975142	Bilthar Dhora	Bilthar Dhora	Bilthar Dhora	28.44544	73.77629	T	DUNE	IN		24				0		220	Asia/Kolkata	2018-12-07
9975143	Kālūwāla Kund	Kaluwala Kund		28.43169	73.82461	H	PNDI	IN		24				0		219	Asia/Kolkata	2015-02-08
9975144	Jammu Dhora	Jammu Dhora	Jammu Dhora	28.41174	73.80718	T	DUNE	IN		24				0		226	Asia/Kolkata	2018-12-07
9975145	Irni Dhora	Irni Dhora	Irni Dhora	28.39517	73.80439	T	DUNE	IN		24				0		231	Asia/Kolkata	2018-12-07
9975146	Bhopālrām ki Dhāni	Bhopalram ki Dhani		28.41656	73.76629	P	PPL	IN		24	101	475		0		220	Asia/Kolkata	2024-01-06
9975147	Sahajrāna Dhora	Sahajrana Dhora		28.37527	73.80056	T	DUNE	IN		24				0		222	Asia/Kolkata	2015-02-08
9975148	Lālātoki Dhora	Lalatoki Dhora		28.31508	73.79121	T	DUNE	IN		24				0		220	Asia/Kolkata	2015-02-08
9975154	Bedānīa Johra	Bedania Johra		28.30395	73.88619	H	PNDI	IN		24				0		212	Asia/Kolkata	2015-02-08
9975155	Itāwa Dhora	Itawa Dhora	Itawa Dhora,Itāwa Dhora	28.30319	73.86104	T	DUNE	IN		24				0		223	Asia/Kolkata	2018-12-07
9975156	Khen Johri	Khen Johri		28.31154	73.90117	H	PNDI	IN		24				0		215	Asia/Kolkata	2015-02-08
9975157	Bedhīa Dhora	Bedhia Dhora		28.3361	73.85156	T	DUNE	IN		24				0		223	Asia/Kolkata	2015-02-08
9975158	Mūlāram ka Kund	Mularam ka Kund		28.47106	73.91336	H	PNDI	IN		24				0		211	Asia/Kolkata	2015-02-08
9975159	Nāthon ki Dhāni	Nathon ki Dhani		28.48178	73.87761	P	PPL	IN		24	101	475		0		212	Asia/Kolkata	2024-01-06
9975160	Baniyāl ki Dhāni	Baniyal ki Dhani		28.47318	73.84782	P	PPL	IN		24	101	475		0		210	Asia/Kolkata	2024-01-06
9975161	Dhanārām ka Kund	Dhanaram ka Kund		28.43834	73.91956	H	PNDI	IN		24				0		214	Asia/Kolkata	2015-02-08
9975162	Tetio Dhora	Tetio Dhora	Tetio Dhora	28.42693	73.96765	T	DUNE	IN		24				0		230	Asia/Kolkata	2018-12-07
9975163	Jhirāwa Dhora	Jhirawa Dhora		28.36757	73.94289	T	DUNE	IN		24				0		225	Asia/Kolkata	2015-02-08
9975164	Sidhānian Johri	Sidhanian Johri		28.35813	73.95708	H	PNDI	IN		24				0		214	Asia/Kolkata	2015-02-08
9975165	Khaparsar	Khaparsar		28.36463	73.99584	P	PPL	IN		24	101	475		0		220	Asia/Kolkata	2024-01-06
9975166	Kosāna Johri	Kosana Johri		28.3423	73.97413	H	PNDI	IN		24				0		219	Asia/Kolkata	2015-02-08
9975167	Asāna Johri	Asana Johri		28.33979	73.96956	H	PNDI	IN		24				0		218	Asia/Kolkata	2015-02-08
9975168	Panch Bhayāwāla Dhora	Panch Bhayawala Dhora		28.33059	73.97366	T	DUNE	IN		24				0		232	Asia/Kolkata	2015-02-08
9975169	Chanāna Johra	Chanana Johra		28.33184	73.95777	H	PNDI	IN		24				0		218	Asia/Kolkata	2015-02-08
9975544	Jesāni Talāi	Jesani Talai		28.63775	74.0748	H	PNDI	IN		24				0		207	Asia/Kolkata	2015-02-08
9975545	Bhīnt Dhora	Bhint Dhora		28.57612	74.09085	T	DUNE	IN		24				0		218	Asia/Kolkata	2015-02-08
9975546	Khalnwāla Dhora	Khalnwala Dhora		28.57659	74.00407	T	DUNE	IN		24				0		216	Asia/Kolkata	2015-02-08
9975547	Irnīwāli Pāl	Irniwali Pal		28.62295	74.14203	T	PLN	IN		24				0		219	Asia/Kolkata	2015-02-08
9975548	Tikhhiya Dhora	Tikhhiya Dhora	Tikhhiya Dhora	28.70361	74.15677	T	DUNE	IN		24				0		212	Asia/Kolkata	2018-12-07
9975549	Patāniyān Dhora	Pataniyan Dhora		28.6961	74.13982	T	DUNE	IN		24				0		207	Asia/Kolkata	2015-02-08
9975550	Karnāna Jora	Karnana Jora		28.72339	74.13147	H	PNDI	IN		24				0		200	Asia/Kolkata	2015-02-08
9975551	Dug Dhora	Dug Dhora	Dug Dhora	28.70795	74.19273	T	DUNE	IN		24				0		212	Asia/Kolkata	2018-12-07
9975552	Gadwāla Dhora	Gadwala Dhora		28.63212	74.17825	T	DUNE	IN		24				0		219	Asia/Kolkata	2015-02-08
10009673	Bijainagar	Bijainagar	Bijainagar,Chak Twenty Nine GB	29.24262	73.52311	P	PPL	IN		24	099	464		0		161	Asia/Kolkata	2024-01-06
10009674	Bijainagar Minor	Bijainagar Minor		29.20877	73.50023	H	CNL	IN		24				0		160	Asia/Kolkata	2015-02-08
10009675	Chak Twenty Two GB	Chak Twenty Two GB		29.24252	73.58251	P	PPL	IN		24	099	464		0		164	Asia/Kolkata	2024-01-06
10009681	Chainpura	Chainpura		29.20886	73.51167	P	PPL	IN		24	099	464		0		159	Asia/Kolkata	2024-01-06
10009682	Māthūla Dhora	Mathula Dhora		29.22529	73.55905	T	DUNE	IN		24				0		189	Asia/Kolkata	2015-02-08
10009683	Mānkiānwāli Toki	Mankianwali Toki		29.20438	73.56476	T	DUNE	IN		24				0		166	Asia/Kolkata	2015-02-08
10009684	Gudli	Gudli		29.18743	73.52712	P	PPL	IN		24	099	464		0		160	Asia/Kolkata	2024-01-06
10009685	Sānsiānwāli	Sansianwali		29.16379	73.50266	P	PPL	IN		24	099	464		0		161	Asia/Kolkata	2024-01-06
10009686	Arnīwala Dhora	Arniwala Dhora		29.12454	73.56107	T	DUNE	IN		24				0		187	Asia/Kolkata	2015-02-08
10009687	Lādhiānwāli Toki	Ladhianwali Toki		29.11408	73.533	L	LCTY	IN		24	099	465		0		170	Asia/Kolkata	2024-01-06
10009688	Goindsar	Goindsar		29.07718	73.5539	P	PPL	IN		24	099	465		0		172	Asia/Kolkata	2024-01-06
10009689	Pūranwāla Dhora	Puranwala Dhora		29.07208	73.52854	T	DUNE	IN		24				0		170	Asia/Kolkata	2015-02-08
10009690	Rāikāwāla Dhora	Raikawala Dhora		29.06721	73.56428	T	DUNE	IN		24				0		187	Asia/Kolkata	2015-02-08
10009691	Bhopālpura	Bhopalpura		29.04976	73.52785	P	PPL	IN		24	099	464		0		170	Asia/Kolkata	2024-01-06
10009692	Binjhewāla Dhora	Binjhewala Dhora		29.04091	73.54574	T	DUNE	IN		24				0		191	Asia/Kolkata	2015-02-08
10009693	Jwārjīwāla Dhora	Jwarjiwala Dhora		29.03142	73.56956	T	DUNE	IN		24				0		179	Asia/Kolkata	2015-02-08
10009694	Bārwāla Mūl	Barwala Mul		29.02541	73.51549	L	LCTY	IN		24	099	464		0		176	Asia/Kolkata	2024-01-06
10009695	Kūmtewāla Dhora	Kumtewala Dhora		29.00725	73.56343	T	DUNE	IN		24				0		186	Asia/Kolkata	2015-02-08
10009696	Jahndīwāla Dhora	Jahndiwala Dhora		29.00042	73.56707	T	DUNE	IN		24				0		188	Asia/Kolkata	2015-02-08
10009697	Hinjrāsar	Hinjrasar		29.05783	73.5981	P	PPL	IN		24	099	465		0		175	Asia/Kolkata	2024-01-06
10009698	Jolwāla Dhora	Jolwala Dhora		29.06687	73.67115	T	DUNE	IN		24				0		187	Asia/Kolkata	2015-02-08
10009699	Koswāla Dhora	Koswala Dhora		29.08067	73.64436	T	DUNE	IN		24				0		190	Asia/Kolkata	2015-02-08
10009700	Bakhtāwarpura	Bakhtawarpura		29.09402	73.58892	P	PPL	IN		24	099	465		0		174	Asia/Kolkata	2024-01-06
10009701	Dhungiānwāli Toki	Dhungianwali Toki		29.129	73.65879	T	DUNE	IN		24				0		189	Asia/Kolkata	2015-02-08
10009702	Sukhchainpura	Sukhchainpura		29.13995	73.59261	P	PPLQ	IN		24	099	465		0		168	Asia/Kolkata	2024-01-06
10009703	Bhāratpoura Dhora	Bharatpoura Dhora		29.24242	73.68179	T	DUNE	IN		24				0		182	Asia/Kolkata	2015-02-08
10009704	Jhandīwāla Dhora	Jhandiwala Dhora		29.22182	73.73002	T	DUNE	IN		24				0		179	Asia/Kolkata	2015-02-08
10009705	Tiddīwāla Dhora	Tiddiwala Dhora		29.22377	73.68144	T	DUNE	IN		24				0		182	Asia/Kolkata	2015-02-08
10009706	Lālgarh	Lalgarh		29.09684	73.71573	P	PPL	IN		24	099	465		0		182	Asia/Kolkata	2024-01-06
10009707	Lālgarh Dhora	Lalgarh Dhora		29.0791	73.7438	T	DUNE	IN		24				0		191	Asia/Kolkata	2015-02-08
10009708	Jhandīwāla Dhora	Jhandiwala Dhora		29.06135	73.70273	T	DUNE	IN		24				0		189	Asia/Kolkata	2015-02-08
10009709	Kumbhgarh	Kumbhgarh		29.05847	73.72358	P	PPL	IN		24	099	465		0		190	Asia/Kolkata	2024-01-06
10009710	Sutāronwāla Dhora	Sutaronwala Dhora		29.03528	73.69788	T	DUNE	IN		24				0		189	Asia/Kolkata	2015-02-08
10009711	Shivnāthpura	Shivnathpura		29.02609	73.74878	P	PPL	IN		24	099	465		0		196	Asia/Kolkata	2024-01-06
10009712	Daldewāla Dhora	Daldewala Dhora		29.01894	73.70782	T	DUNE	IN		24				0		191	Asia/Kolkata	2015-02-08
10009713	Rorānwāla Dhora	Roranwala Dhora		29.001	73.69839	T	DUNE	IN		24				0		202	Asia/Kolkata	2015-02-08
10009714	Lakhor Chhoti	Lakhor Chhoti		29.00074	73.67697	P	PPL	IN		24	101	475		0		189	Asia/Kolkata	2024-01-06
10009715	Chak Twenty Eight GB	Chak Twenty Eight GB		29.24079	73.53904	P	PPL	IN		24	099	464		0		160	Asia/Kolkata	2024-01-06
10009716	Chak Twenty Five GB	Chak Twenty Five GB		29.24049	73.54664	P	PPL	IN		24	099	464		0		162	Asia/Kolkata	2024-01-06
10009717	Chak Thirty One GB	Chak Thirty One GB		29.22353	73.52527	P	PPL	IN		24	099	464		0		160	Asia/Kolkata	2024-01-06
10009718	Chak Thirty Two GB	Chak Thirty Two GB		29.226	73.50852	P	PPL	IN		24	099	464		0		158	Asia/Kolkata	2024-01-06
10009719	Chak Thirty Seven GB	Chak Thirty Seven GB		29.21184	73.51252	P	PPL	IN		24	099	464		0		159	Asia/Kolkata	2024-01-06
10009853	Bīradhwāl	Biradhwal		29.11697	73.9202	P	PPL	IN		24	099	465		0		194	Asia/Kolkata	2024-01-06
10009854	Sangīta	Sangita		29.22624	73.78154	P	PPL	IN		24	099	465		0		168	Asia/Kolkata	2024-01-06
10009855	Harīsinghpura	Harisinghpura		29.13017	73.78768	P	PPL	IN		24	099	465		0		187	Asia/Kolkata	2024-01-06
10009856	Māler	Maler		29.08619	73.78566	P	PPL	IN		24	099	465		0		189	Asia/Kolkata	2024-01-06
10009857	Phūleji	Phuleji		29.02324	73.75712	P	PPL	IN		24	101	475		0		194	Asia/Kolkata	2024-01-06
10009858	Pīnpāsar	Pinpasar		29.05498	73.85712	P	PPL	IN		24	099	465		0		193	Asia/Kolkata	2024-01-06
10009859	Rājiyāsar Railroad Station	Rajiyasar Railroad Station	RJS,Rajiyasar,Rajiyasar Railroad Station,Rājiyāsar,Rājiyāsar Railroad Station	29.06796	73.84265	S	RSTN	IN		24	099	465		0		194	Asia/Kolkata	2024-01-06
10009860	Hindor	Hindor		29.09597	73.86643	P	PPL	IN		24	099	465		0		188	Asia/Kolkata	2024-01-06
10009861	Sardārpura Ladāna	Sardarpura Ladana		29.20365	73.85021	P	PPL	IN		24	099	465		0		181	Asia/Kolkata	2024-01-06
10009862	Rājpura Pīperan	Rajpura Piperan		29.23556	73.9051	P	PPL	IN		24	099	465		0		184	Asia/Kolkata	2024-01-06
10009863	Rāyānwāli	Rayanwali		29.18376	73.94668	P	PPL	IN		24	099	465		0		187	Asia/Kolkata	2024-01-06
10009865	Farīdsar	Faridsar		29.1359	73.99689	P	PPL	IN		24	099	465		0		190	Asia/Kolkata	2024-01-06
10009866	Bhojūsar	Bhojusar		29.08498	73.98131	P	PPL	IN		24	099	465		0		190	Asia/Kolkata	2024-01-06
10009867	Deīdāspura	Deidaspura		29.04297	73.96844	P	PPL	IN		24	099	465		0		192	Asia/Kolkata	2024-01-06
10009868	Bachhrāra	Bachhrara		29.02898	73.93299	P	PPL	IN		24	099	465		0		192	Asia/Kolkata	2024-01-06
10009869	Northern Railway	Northern Railway		29.00021	73.85087	R	RR	IN		24				0		197	Asia/Kolkata	2015-02-08
10179405	Modwāwāla Dhora	Modwawala Dhora		28.4252	74.07422	T	DUNE	IN		24				0		243	Asia/Kolkata	2015-04-10
10179406	Popra Dhora	Popra Dhora	Popra Dhora	28.36134	74.03127	T	DUNE	IN		24				0		229	Asia/Kolkata	2018-12-07
10179407	Bākhātoka Dhora	Bakhatoka Dhora		28.34774	74.07993	T	DUNE	IN		24				0		238	Asia/Kolkata	2015-04-10
10179408	Garehat Dhora	Garehat Dhora	Garehat Dhora	28.32606	74.0734	T	DUNE	IN		24				0		242	Asia/Kolkata	2018-12-07
10179409	Talīyata Dhora	Taliyata Dhora		28.32636	74.05706	T	DUNE	IN		24				0		241	Asia/Kolkata	2015-04-10
10179410	Chuli Dhora	Chuli Dhora		28.31598	74.07336	T	DUNE	IN		24				0		233	Asia/Kolkata	2015-04-10
10179414	Lābhu Dhora	Labhu Dhora		28.3077	74.11907	T	DUNE	IN		24				0		251	Asia/Kolkata	2015-04-10
10179415	Jālchula Dhora	Jalchula Dhora		28.32942	74.12143	T	DUNE	IN		24				0		235	Asia/Kolkata	2015-04-10
10179416	Amrit Dhora	Amrit Dhora	Amrit Dhora	28.32406	74.10379	T	DUNE	IN		24				0		242	Asia/Kolkata	2018-12-07
10179417	Nimni Dhora	Nimni Dhora	Nimni Dhora	28.34181	74.11473	T	DUNE	IN		24				0		236	Asia/Kolkata	2018-12-07
10179418	Welītoka Dhora	Welitoka Dhora		28.34971	74.01281	T	DUNE	IN		24				0		234	Asia/Kolkata	2015-04-10
11857208	Suratgarh Jn	Suratgarh Jn	SOG	29.32415	73.90725	S	RSTN	IN		24	099	465		0		174	Asia/Kolkata	2024-01-06
11857984	Anupgarh	Anupgarh	APH	29.1969	73.20456	S	RSTN	IN		24	099	462		0		155	Asia/Kolkata	2024-01-06
11858150	Bhagwansar	Bhagwansar	BNSR	29.34381	73.85979	S	RSTN	IN		24	100	469		0		169	Asia/Kolkata	2024-01-06
11858347	Jagdevwala	Jagdevwala	JDL	28.31086	73.45575	S	RSTN	IN		24	101	473		0		192	Asia/Kolkata	2024-01-06
11859047	Pipran	Pipran	PPRN	29.26579	73.92828	S	RSTN	IN		24	099	465		0		181	Asia/Kolkata	2024-01-06
11859237	Kalyankot	Kalyankot	KYNT	29.2988	73.63702	S	RSTN	IN		24	099	464		0		164	Asia/Kolkata	2024-01-06
11859666	Mahajan	Mahajan	MHJ	28.79301	73.85367	S	RSTN	IN		24	101	475		0		196	Asia/Kolkata	2024-01-06
11859973	Bamanwali Halt	Bamanwali Halt	BMNL	28.36174	73.55527	S	RSTN	IN		24	101	475		0		201	Asia/Kolkata	2024-01-06
11860068	Bugia Halt	Bugia Halt	BUGY	29.38048	73.60815	S	RSTN	IN		24	099	464		0		165	Asia/Kolkata	2024-01-06
11860150	Raghunathgarh	Raghunathgarh	RGNH	29.31168	73.65157	S	RSTN	IN		24	099	464		0		162	Asia/Kolkata	2024-01-06
11860208	Berore	Berore	BROR	29.20003	73.30079	S	RSTN	IN		24	099	462		0		154	Asia/Kolkata	2024-01-06
11860486	Sahuwala	Sahuwala	SHWL	29.35522	73.81297	S	RSTN	IN		24	099	465		0		171	Asia/Kolkata	2024-01-06
11860534	Masaniwala	Masaniwala	MSWA	29.39994	73.59039	S	RSTN	IN		24	099	464		400		164	Asia/Kolkata	2024-01-06
11861920	Sardargarh	Sardargarh	SRZ	29.36424	73.74079	S	RSTN	IN		24	099	465		0		164	Asia/Kolkata	2024-01-06
12524276	Gharsana	Gharsana		29.02324	73.08316	P	PPL	IN		24	099	463		0		146	Asia/Kolkata	2024-01-06
12524277	Rawla Mandi	Rawla Mandi		28.84505	72.8875	P	PPL	IN		24	099	6915		0		137	Asia/Kolkata	2024-01-06
12680955	Anupgarh	Anupgarh		29.16087	73.21207	A	ADM3	IN		24	099	462		187503		157	Asia/Kolkata	2023-12-17
12680956	Gharsana	Gharsana		28.9112	73.08034	A	ADM3	IN		24	099	463		98590		159	Asia/Kolkata	2023-12-17
12680957	Vijainagar	Vijainagar		29.19491	73.47701	A	ADM3	IN		24	099	464		142690		159	Asia/Kolkata	2023-12-17
12680958	Suratgarh	Suratgarh		29.21547	73.89371	A	ADM3	IN		24	099	465		320981		190	Asia/Kolkata	2023-12-17
12680970	Lunkaransar	Lunkaransar		28.66254	73.70812	A	ADM3	IN		24	101	475		213627		189	Asia/Kolkata	2023-12-17
12680973	Chhatargarh	Chhatargarh		28.67454	73.0635	A	ADM3	IN		24	101	479		82668		183	Asia/Kolkata	2023-12-17
12681170	Ravla	Ravla		28.85195	72.83361	A	ADM3	IN		24	099	6915		73240		149	Asia/Kolkata	2023-12-17
12685420	Poogal	Poogal		28.40236	72.84091	A	ADM3	IN		24	101	474		66767		170	Asia/Kolkata	2023-12-17
13423810	Nāthūsar	Nathusar		28.37993	73.94464	P	PPL	IN		24	101	475		0		207	Asia/Kolkata	2025-07-17
13645543	4 Arm (Kharwali)	4 Arm (Kharwali)		28.7487	73.06703	P	PPL	IN		24	101	479		2139		151	Asia/Kolkata	2026-06-05
13645544	7 Arm	7 Arm		28.76285	73.09257	P	PPL	IN		24	099	463		83		148	Asia/Kolkata	2026-06-05
13645545	11 Arm	11 Arm		28.75527	73.05206	P	PPL	IN		24	099	463		107		140	Asia/Kolkata	2026-06-05
13645546	1 Arm (Surjanwali)	1 Arm (Surjanwali)		28.74673	73.14209	P	PPL	IN		24	101	479		758		153	Asia/Kolkata	2026-06-05
