State_Code,State_Name,District ,District _Name,Tehsil_Code,Tehsil_Name,Block_Code,Naya Panchayat_Code,Village_Code,NAME,Level,AREA,RES_HOUSE,HOUSEHOLDS,T_POPLN,T_M_POPLN,T_F_POPLN,POPLN_M6,POPLN_F6,M_SC,F_SC,M_ST,F_ST,M_LITERATE,F_LITERATE,T_M_WORKER,T_F_WORKER,M_INDCAT1,F_INDCAT1,M_INDCAT2,F_INDCAT2,M_INDCAT3,F_INDCAT3,M_INDCAT4,F_INDCAT4,M_INDCAT5A,F_INDCAT5A,M_INDCAT5B,F_INDCAT5B,M_INDCAT6,F_INDCAT6,M_INDCAT7,F_INDCAT7,M_INDCAT8,F_INDCAT8,M_INDCAT9,F_INDCAT9,M_MARGINAL,F_MARGINAL,M_NON_WORK,F_NON_WORK
21,Rajasthan,'02,Bikaner,'0020,LUNKARANSAR(FULL),'0020,'0020,'0001,SADOLAI,Rural,5549.63,147,147,983,533,450,114,93,96,72,1,0,79,5,313,171,255,146,46,21,1,0,0,0,1,0,3,2,0,0,1,2,0,0,6,0,0,2,220,277
21,Rajasthan,'02,Bikaner,'0020,LUNKARANSAR(FULL),'0020,'0020,'0002,GOURISAR,Rural,3526.96,70,70,466,238,228,60,56,48,46,1,0,54,8,131,2,122,1,3,0,0,0,0,0,0,0,1,0,0,0,1,0,0,0,4,1,0,137,107,89
21,Rajasthan,'02,Bikaner,'0020,LUNKARANSAR(FULL),'0020,'0020,'0003,MAHADEOWALI WITH BASKARNISAR,Rural,8998.48,316,316,2462,1269,1193,298,285,226,198,0,0,207,35,592,19,514,14,67,2,1,1,0,0,4,0,0,0,0,0,3,0,1,0,2,2,21,395,656,779
21,Rajasthan,'02,Bikaner,'0020,LUNKARANSAR(FULL),'0020,'0020,'0004,GHEGHRA,Rural,6913.89,167,167,1179,656,523,170,112,98,81,0,0,93,9,359,9,315,8,0,1,32,0,0,0,0,0,0,0,4,0,4,0,1,0,3,0,0,7,297,507
21,Rajasthan,'02,Bikaner,'0020,LUNKARANSAR(FULL),'0020,'0020,'0005,SANSAR DESAR,Rural,5641.16,372,373,2568,1357,1211,347,290,286,261,0,0,341,61,652,37,588,32,32,5,16,0,0,0,1,0,1,0,2,0,4,0,2,0,6,0,30,266,675,908
21,Rajasthan,'02,Bikaner,'0020,LUNKARANSAR(FULL),'0020,'0020,'0006,RANER WITH DAMOLAI,Rural,24622.76,729,736,5381,2890,2491,649,603,778,704,27,16,599,59,1458,310,1280,291,83,18,8,1,0,0,10,0,1,0,17,0,11,0,0,0,48,0,3,13,1429,2168
21,Rajasthan,'02,Bikaner,'0020,LUNKARANSAR(FULL),'0020,'0020,'0007,LAKHANSAR,Rural,3107.36,105,105,660,373,287,67,66,79,69,5,4,56,1,214,4,157,3,4,1,4,0,0,0,0,0,10,0,4,0,21,0,0,0,14,0,0,1,159,282
21,Rajasthan,'02,Bikaner,'0020,LUNKARANSAR(FULL),'0020,'0020,'0008,SHERPURA,Rural,1909.24,192,192,1161,653,508,160,137,187,163,35,23,165,20,361,116,354,116,0,0,0,0,0,0,3,0,0,0,0,0,3,0,0,0,1,0,0,45,292,347
21,Rajasthan,'02,Bikaner,'0020,LUNKARANSAR(FULL),'0020,'0020,'0009,GABNA @ LALANWALI,Rural,2416.88,167,167,1067,595,472,145,105,203,164,4,1,83,15,313,18,279,14,25,4,0,0,0,0,3,0,0,0,3,0,1,0,1,0,1,0,17,143,265,311
21,Rajasthan,'02,Bikaner,'0020,LUNKARANSAR(FULL),'0020,'0020,'0010,KHARBARA,Rural,13352.27,433,433,3009,1624,1385,341,336,768,681,6,2,390,58,787,237,666,214,50,19,15,0,0,0,2,3,6,0,11,0,18,0,5,0,14,1,2,2,835,1146
21,Rajasthan,'02,Bikaner,'0020,LUNKARANSAR(FULL),'0020,'0020,'0011,TAKHTPURA,Rural,2903.72,184,185,1339,721,618,176,159,238,198,0,0,186,18,322,12,313,11,0,0,2,0,0,0,0,0,0,0,5,1,1,0,0,0,1,0,0,1,399,605
21,Rajasthan,'02,Bikaner,'0020,LUNKARANSAR(FULL),'0020,'0020,'0012,BHANDSAR,Rural,5099.22,247,250,1605,885,720,205,148,351,281,13,11,129,22,431,20,399,20,0,0,2,0,0,0,1,0,5,0,10,0,11,0,0,0,3,0,0,51,454,649
21,Rajasthan,'02,Bikaner,'0020,LUNKARANSAR(FULL),'0020,'0020,'0013,MAHAJAN FIELD FIRING RANGE,Rural,136411,0,0,0,0,0,0,0,0,0,0,0,0,0,0,0,0,0,0,0,0,0,0,0,0,0,0,0,0,0,0,0,0,0,0,0,0,0,0,0
21,Rajasthan,'02,Bikaner,'0020,LUNKARANSAR(FULL),'0020,'0020,'0014,ASRASAR,Rural,1216.11,54,54,399,211,188,62,52,12,13,0,0,68,19,108,79,91,78,1,1,8,0,0,0,3,0,0,0,0,0,0,0,0,0,5,0,0,0,103,109
21,Rajasthan,'02,Bikaner,'0020,LUNKARANSAR(FULL),'0020,'0020,'0015,PHOOLEJI,Rural,1946.6,168,168,1294,685,609,167,112,336,300,0,0,169,15,339,2,327,1,5,1,1,0,0,0,0,0,0,0,0,0,2,0,0,0,4,0,0,3,346,604
21,Rajasthan,'02,Bikaner,'0020,LUNKARANSAR(FULL),'0020,'0020,'0016,CHAK JOR,Rural,2001.24,109,109,847,465,382,115,76,22,20,0,0,116,11,228,0,194,0,6,0,21,0,0,0,3,0,0,0,0,0,1,0,0,0,3,0,0,34,237,348
21,Rajasthan,'02,Bikaner,'0020,LUNKARANSAR(FULL),'0020,'0020,'0017,RAMSARA,Rural,2261.01,95,95,651,343,308,75,58,60,48,0,0,75,6,198,19,155,18,2,1,29,0,0,0,0,0,3,0,0,0,4,0,3,0,2,0,4,155,141,134
21,Rajasthan,'02,Bikaner,'0020,LUNKARANSAR(FULL),'0020,'0020,'0018,CHAK ASRASAR,Rural,529.73,28,28,186,90,96,16,28,5,11,0,0,20,4,55,12,51,11,0,0,3,0,0,0,0,0,1,1,0,0,0,0,0,0,0,0,0,0,35,84
21,Rajasthan,'02,Bikaner,'0020,LUNKARANSAR(FULL),'0020,'0020,'0019,JASWANTSAR,Rural,3514.03,60,60,452,218,234,54,67,69,61,0,0,65,16,125,93,116,87,1,6,8,0,0,0,0,0,0,0,0,0,0,0,0,0,0,0,0,0,93,141
21,Rajasthan,'02,Bikaner,'0020,LUNKARANSAR(FULL),'0020,'0020,'0020,RATNISAR,Rural,2088.65,46,46,400,216,184,33,32,33,24,0,0,76,13,95,87,81,87,0,0,14,0,0,0,0,0,0,0,0,0,0,0,0,0,0,0,0,0,121,97
21,Rajasthan,'02,Bikaner,'0020,LUNKARANSAR(FULL),'0020,'0020,'0021,LALERA PATTA MAHAJAN,Rural,1342.36,39,39,294,156,138,32,28,64,51,0,0,26,86,94,2,86,0,0,0,1,0,0,0,0,0,0,0,0,0,2,2,0,0,5,0,0,4,62,132
21,Rajasthan,'02,Bikaner,'0020,LUNKARANSAR(FULL),'0020,'0020,'0022,CHAK BHANWARIYA,Rural,2211.96,6,6,37,20,17,1,3,14,14,0,0,2,0,13,0,11,0,0,0,0,0,0,0,0,0,0,0,0,0,2,0,0,0,0,0,0,0,7,17
21,Rajasthan,'02,Bikaner,'0020,LUNKARANSAR(FULL),'0020,'0020,'0023,GHESURA,Rural,2653.32,105,105,749,360,389,77,87,8,9,0,0,126,46,174,51,124,48,4,1,14,0,0,0,0,0,10,1,18,0,0,1,1,0,3,0,3,23,183,315
21,Rajasthan,'02,Bikaner,'0020,LUNKARANSAR(FULL),'0020,'0020,'0024,RAMBAGH,Rural,1516.86,169,175,1109,557,552,136,127,150,151,0,0,174,21,283,266,248,255,23,8,2,0,0,0,0,0,1,1,0,0,3,0,2,0,4,2,0,22,274,264
21,Rajasthan,'02,Bikaner,'0020,LUNKARANSAR(FULL),'0020,'0020,'0025,SURAJPURA,Rural,1265.49,0,0,0,0,0,0,0,0,0,0,0,0,0,0,0,0,0,0,0,0,0,0,0,0,0,0,0,0,0,0,0,0,0,0,0,0,0,0,0
21,Rajasthan,'02,Bikaner,'0020,LUNKARANSAR(FULL),'0020,'0020,'0026,CHAK ARJUNSAR,Rural,318.19,0,0,0,0,0,0,0,0,0,0,0,0,0,0,0,0,0,0,0,0,0,0,0,0,0,0,0,0,0,0,0,0,0,0,0,0,0,0,0
21,Rajasthan,'02,Bikaner,'0020,LUNKARANSAR(FULL),'0020,'0020,'0027,ARJUNSAR STATION,Rural,196.96,284,289,1726,948,778,188,168,158,136,2,0,415,102,478,14,273,6,29,1,15,0,1,0,1,0,14,4,28,0,53,0,20,0,44,3,0,7,470,757
21,Rajasthan,'02,Bikaner,'0020,LUNKARANSAR(FULL),'0020,'0020,'0028,MITHRIYA,Rural,3403.96,96,96,738,398,340,82,76,76,55,0,0,157,30,210,30,165,19,0,0,32,3,0,0,4,3,2,1,0,0,1,0,0,0,6,4,0,0,188,310
21,Rajasthan,'02,Bikaner,'0020,LUNKARANSAR(FULL),'0020,'0020,'0029,ARJUNSAR,Rural,1193.05,0,0,0,0,0,0,0,0,0,0,0,0,0,0,0,0,0,0,0,0,0,0,0,0,0,0,0,0,0,0,0,0,0,0,0,0,0,0,0
21,Rajasthan,'02,Bikaner,'0020,LUNKARANSAR(FULL),'0020,'0020,'0030,RANISAR,Rural,1319.72,84,84,638,326,312,64,58,35,29,0,0,88,12,178,137,148,136,0,0,18,0,0,0,0,0,2,1,2,0,2,0,1,0,5,0,0,0,148,175
21,Rajasthan,'02,Bikaner,'0020,LUNKARANSAR(FULL),'0020,'0020,'0031,DHANI CHHIPLAI,Rural,2096.33,107,110,809,441,368,104,77,116,76,0,0,110,9,211,34,190,31,1,0,13,1,0,0,1,0,2,1,0,0,0,0,0,0,4,1,0,152,230,182
21,Rajasthan,'02,Bikaner,'0020,LUNKARANSAR(FULL),'0020,'0020,'0032,SABNIYAN,Rural,3129.52,147,147,1401,703,698,186,167,388,385,0,0,150,12,314,89,271,86,6,1,24,0,0,0,5,0,0,0,0,0,2,2,2,0,4,0,44,220,345,389
21,Rajasthan,'02,Bikaner,'0020,LUNKARANSAR(FULL),'0020,'0020,'0033,TALIWALA,Rural,2773.79,2,2,7,5,2,0,0,0,0,0,0,0,0,5,0,5,0,0,0,0,0,0,0,0,0,0,0,0,0,0,0,0,0,0,0,0,0,0,2
21,Rajasthan,'02,Bikaner,'0020,LUNKARANSAR(FULL),'0020,'0020,'0034,JAITPURA,Rural,13934.2,699,700,4494,2393,2101,496,469,466,402,1,0,638,243,1161,120,968,94,24,11,46,1,0,0,7,2,9,0,0,0,51,0,4,0,52,12,25,499,1207,1482
21,Rajasthan,'02,Bikaner,'0020,LUNKARANSAR(FULL),'0020,'0020,'0035,RANJEETPURA,Rural,1936.87,0,0,0,0,0,0,0,0,0,0,0,0,0,0,0,0,0,0,0,0,0,0,0,0,0,0,0,0,0,0,0,0,0,0,0,0,0,0,0
21,Rajasthan,'02,Bikaner,'0020,LUNKARANSAR(FULL),'0020,'0020,'0036,DHANI KHODAN,Rural,1657.23,29,29,193,105,88,16,18,4,4,0,0,33,6,54,4,51,4,0,0,1,0,0,0,0,0,0,0,0,0,1,0,0,0,1,0,0,21,51,63
21,Rajasthan,'02,Bikaner,'0020,LUNKARANSAR(FULL),'0020,'0020,'0037,DHANI CHHILAN,Rural,1361.82,21,21,163,85,78,22,15,0,0,0,0,27,2,39,0,37,0,0,0,1,0,0,0,0,0,0,0,0,0,0,0,0,0,1,0,0,8,46,70
21,Rajasthan,'02,Bikaner,'0020,LUNKARANSAR(FULL),'0020,'0020,'0038,SHERPURA,Rural,9019.3,362,362,2570,1335,1235,267,288,273,274,1,0,332,43,693,78,622,78,7,0,17,0,0,0,16,0,3,0,1,0,7,0,6,0,14,0,2,119,640,1038
21,Rajasthan,'02,Bikaner,'0020,LUNKARANSAR(FULL),'0020,'0020,'0039,MAHAJAN,Rural,10668.28,815,815,4998,2676,2322,499,481,198,168,2,1,1028,432,1400,204,952,131,97,55,46,10,0,0,5,0,25,1,14,1,126,0,45,0,90,6,3,146,1273,1972
21,Rajasthan,'02,Bikaner,'0020,LUNKARANSAR(FULL),'0020,'0020,'0040,BALADESAR,Rural,2447.21,80,83,729,372,357,91,85,108,97,22,18,158,26,189,40,125,30,22,9,28,0,0,0,1,1,1,0,0,0,5,0,2,0,5,0,3,118,180,199
21,Rajasthan,'02,Bikaner,'0020,LUNKARANSAR(FULL),'0020,'0020,'0041,GUSAINA,Rural,2148.99,73,74,621,301,320,68,80,37,42,26,20,111,9,141,106,88,96,4,3,33,6,0,0,8,1,2,0,1,0,2,0,0,0,3,0,4,53,156,161
21,Rajasthan,'02,Bikaner,'0020,LUNKARANSAR(FULL),'0020,'0020,'0042,SHYODANPURA,Rural,1077.83,0,0,0,0,0,0,0,0,0,0,0,0,0,0,0,0,0,0,0,0,0,0,0,0,0,0,0,0,0,0,0,0,0,0,0,0,0,0,0
21,Rajasthan,'02,Bikaner,'0020,LUNKARANSAR(FULL),'0020,'0020,'0043,MANOHARIYA,Rural,4559.05,145,145,1027,547,480,107,94,55,50,0,0,65,2,297,3,257,1,6,0,23,0,0,0,2,0,4,2,0,0,3,0,0,0,2,0,3,179,247,298
21,Rajasthan,'02,Bikaner,'0020,LUNKARANSAR(FULL),'0020,'0020,'0044,BADERAN,Rural,5560.31,179,182,1403,709,694,171,162,251,218,0,0,132,9,356,172,209,155,12,2,104,13,0,0,2,0,8,0,0,0,5,0,1,0,15,2,43,179,310,343
21,Rajasthan,'02,Bikaner,'0020,LUNKARANSAR(FULL),'0020,'0020,'0045,SOOLERA,Rural,2641.86,49,49,414,201,213,58,57,25,32,0,0,41,5,98,2,93,1,2,1,0,0,0,0,0,0,0,0,0,0,0,0,0,0,3,0,3,95,100,116
21,Rajasthan,'02,Bikaner,'0020,LUNKARANSAR(FULL),'0020,'0020,'0046,LAXMINARAYANSAR,Rural,937.69,47,47,455,238,217,50,45,9,12,0,0,34,0,131,63,129,63,0,0,0,0,0,0,0,0,1,0,0,0,0,0,0,0,1,0,0,44,107,110
21,Rajasthan,'02,Bikaner,'0020,LUNKARANSAR(FULL),'0020,'0020,'0047,DELANA CHHOTA,Rural,3114.35,89,89,634,320,314,74,75,93,79,0,0,28,13,171,178,159,175,5,2,3,0,0,0,0,0,0,0,0,0,0,0,0,0,4,1,0,1,149,135
21,Rajasthan,'02,Bikaner,'0020,LUNKARANSAR(FULL),'0020,'0020,'0048,BHEEKHNERA,Rural,2155.02,107,107,1039,534,505,130,93,195,183,0,0,71,4,236,72,226,70,0,0,2,1,0,0,0,0,1,0,0,0,3,1,2,0,2,0,0,4,298,429
21,Rajasthan,'02,Bikaner,'0020,LUNKARANSAR(FULL),'0020,'0020,'0049,REKH MEGHANA,Rural,839,69,69,649,326,323,86,46,43,42,0,0,90,4,160,40,89,29,15,10,47,1,0,0,0,0,0,0,0,0,4,0,2,0,3,0,3,74,163,209
21,Rajasthan,'02,Bikaner,'0020,LUNKARANSAR(FULL),'0020,'0020,'0050,DELANA BARA,Rural,4393.83,132,132,914,459,455,93,104,131,125,0,0,125,17,268,16,194,10,2,1,10,0,0,0,0,0,6,0,0,1,40,3,13,0,3,1,4,139,187,300
21,Rajasthan,'02,Bikaner,'0020,LUNKARANSAR(FULL),'0020,'0020,'0051,KHUKHRANA,Rural,5584.95,229,229,1860,1002,858,234,180,317,247,0,0,185,10,439,21,388,20,4,1,29,0,0,0,1,0,1,0,0,0,12,0,1,0,3,0,56,297,507,540
21,Rajasthan,'02,Bikaner,'0020,LUNKARANSAR(FULL),'0020,'0020,'0052,KHEELERIYA,Rural,2686.37,96,96,860,442,418,103,103,33,33,0,0,110,6,183,9,106,8,0,0,72,0,0,0,2,0,1,1,0,0,1,0,0,0,1,0,27,91,232,318
21,Rajasthan,'02,Bikaner,'0020,LUNKARANSAR(FULL),'0020,'0020,'0053,SHOBHOLAI,Rural,1962.78,126,126,1062,552,510,89,108,101,85,0,0,118,4,238,36,194,33,14,0,19,3,0,0,2,0,0,0,0,0,3,0,0,0,6,0,5,125,309,349
21,Rajasthan,'02,Bikaner,'0020,LUNKARANSAR(FULL),'0020,'0020,'0054,LAKHAWAR,Rural,3109.29,83,83,730,369,361,89,92,3,0,0,0,126,18,179,172,167,171,1,1,0,0,0,0,1,0,3,0,0,0,0,0,0,0,7,0,0,0,190,189
21,Rajasthan,'02,Bikaner,'0020,LUNKARANSAR(FULL),'0020,'0020,'0055,AJEETMANA,Rural,1617,144,149,1137,576,561,139,139,161,153,1,0,150,12,271,114,227,96,23,17,4,0,0,0,1,0,5,0,0,0,3,0,0,0,8,1,3,96,302,351
21,Rajasthan,'02,Bikaner,'0020,LUNKARANSAR(FULL),'0020,'0020,'0056,KARNALI,Rural,1666.54,25,25,193,106,87,31,22,0,0,0,0,22,2,45,22,37,20,1,0,6,2,0,0,0,0,0,0,0,0,0,0,0,0,1,0,5,9,56,56
21,Rajasthan,'02,Bikaner,'0020,LUNKARANSAR(FULL),'0020,'0020,'0057,KUNDA,Rural,4668.2,11,11,110,68,42,15,10,0,0,0,0,5,0,30,0,16,0,1,0,12,0,0,0,0,0,0,0,0,0,1,0,0,0,0,0,0,0,38,42
21,Rajasthan,'02,Bikaner,'0020,LUNKARANSAR(FULL),'0020,'0020,'0058,KELAN,Rural,14358.11,446,450,3509,1822,1687,371,382,200,192,0,0,244,16,1022,5,998,5,1,0,0,0,0,0,0,0,1,0,2,0,11,0,0,0,9,0,1,905,799,777
21,Rajasthan,'02,Bikaner,'0020,LUNKARANSAR(FULL),'0020,'0020,'0059,SARDARPURA,Rural,8920.38,49,49,366,184,182,37,46,0,0,0,0,22,4,94,1,94,0,0,0,0,0,0,0,0,0,0,0,0,0,0,0,0,0,0,1,0,87,90,94
21,Rajasthan,'02,Bikaner,'0020,LUNKARANSAR(FULL),'0020,'0020,'0060,AMBARAN,Rural,1204.77,0,0,0,0,0,0,0,0,0,0,0,0,0,0,0,0,0,0,0,0,0,0,0,0,0,0,0,0,0,0,0,0,0,0,0,0,0,0,0
21,Rajasthan,'02,Bikaner,'0020,LUNKARANSAR(FULL),'0020,'0020,'0061,RAJASAR BHATIYAN,Rural,16493.52,397,401,2873,1534,1339,360,327,422,349,0,0,227,26,747,44,602,30,23,5,73,5,0,0,0,0,9,3,4,0,13,1,8,0,15,0,8,94,779,1201
21,Rajasthan,'02,Bikaner,'0020,LUNKARANSAR(FULL),'0020,'0020,'0062,MAKRASAR,Rural,3320.97,196,197,1400,712,688,176,169,98,93,0,0,123,16,394,6,319,0,41,3,19,0,0,0,0,0,5,0,1,0,3,0,2,0,4,3,0,143,318,539
21,Rajasthan,'02,Bikaner,'0020,LUNKARANSAR(FULL),'0020,'0020,'0063,BINJHARWALI,Rural,5551.66,151,151,1292,679,613,170,151,336,312,0,0,122,12,337,182,269,136,39,41,14,3,0,0,1,0,5,2,0,0,6,0,0,0,3,0,2,88,340,343
21,Rajasthan,'02,Bikaner,'0020,LUNKARANSAR(FULL),'0020,'0020,'0064,MOOSALKI,Rural,1235.93,39,39,290,148,142,42,41,1,0,0,0,24,6,63,2,31,0,3,0,21,2,0,0,2,0,4,0,0,0,0,0,0,0,2,0,7,15,78,125
21,Rajasthan,'02,Bikaner,'0020,LUNKARANSAR(FULL),'0020,'0020,'0065,ALAUDA,Rural,1437.07,4,4,47,22,25,6,5,0,0,0,0,9,0,8,0,6,0,0,0,1,0,0,0,0,0,0,0,0,0,0,0,1,0,0,0,3,3,11,22
21,Rajasthan,'02,Bikaner,'0020,LUNKARANSAR(FULL),'0020,'0020,'0066,RATANPURA @ BHOBIYA,Rural,600.51,0,0,0,0,0,0,0,0,0,0,0,0,0,0,0,0,0,0,0,0,0,0,0,0,0,0,0,0,0,0,0,0,0,0,0,0,0,0,0
21,Rajasthan,'02,Bikaner,'0020,LUNKARANSAR(FULL),'0020,'0020,'0067,LALERAN,Rural,1448.25,33,33,272,140,132,31,32,65,58,0,0,35,6,68,68,42,43,0,0,20,24,0,0,0,0,1,0,0,0,3,1,1,0,1,0,9,11,63,53
21,Rajasthan,'02,Bikaner,'0020,LUNKARANSAR(FULL),'0020,'0020,'0068,GANTAN,Rural,1618.76,2,2,20,8,12,3,3,1,0,0,0,2,0,5,6,4,4,1,0,0,0,0,0,0,0,0,0,0,0,0,2,0,0,0,0,0,1,3,5
21,Rajasthan,'02,Bikaner,'0020,LUNKARANSAR(FULL),'0020,'0020,'0069,BHOJAWAS,Rural,961.15,1,1,6,5,1,2,0,0,0,0,0,2,0,2,1,2,1,0,0,0,0,0,0,0,0,0,0,0,0,0,0,0,0,0,0,1,0,2,0
21,Rajasthan,'02,Bikaner,'0020,LUNKARANSAR(FULL),'0020,'0020,'0070,CHAK PHOOLDESAR,Rural,423.84,178,178,1320,697,623,156,140,131,132,0,0,217,48,337,28,198,14,121,13,3,0,0,0,0,0,1,0,1,0,4,0,1,0,8,1,0,0,360,595
21,Rajasthan,'02,Bikaner,'0020,LUNKARANSAR(FULL),'0020,'0020,'0071,SHARAH HAMEERWAS,Rural,844.6,0,0,0,0,0,0,0,0,0,0,0,0,0,0,0,0,0,0,0,0,0,0,0,0,0,0,0,0,0,0,0,0,0,0,0,0,0,0,0
21,Rajasthan,'02,Bikaner,'0020,LUNKARANSAR(FULL),'0020,'0020,'0072,UDESHIYAN,Rural,804.52,88,88,526,269,257,43,54,76,71,0,0,76,23,143,33,137,33,0,0,2,0,0,0,0,0,0,0,0,0,1,0,0,0,3,0,0,1,126,223
21,Rajasthan,'02,Bikaner,'0020,LUNKARANSAR(FULL),'0020,'0020,'0073,SHARAH BOOCHAWAS,Rural,826.24,0,0,0,0,0,0,0,0,0,0,0,0,0,0,0,0,0,0,0,0,0,0,0,0,0,0,0,0,0,0,0,0,0,0,0,0,0,0,0
21,Rajasthan,'02,Bikaner,'0020,LUNKARANSAR(FULL),'0020,'0020,'0074,UNCHAIRA,Rural,666.91,29,29,198,112,86,31,18,0,0,0,0,36,2,58,18,55,18,0,0,0,0,0,0,0,0,3,0,0,0,0,0,0,0,0,0,0,5,54,63
21,Rajasthan,'02,Bikaner,'0020,LUNKARANSAR(FULL),'0020,'0020,'0075,SHARAH NETAWAS,Rural,935.04,0,0,0,0,0,0,0,0,0,0,0,0,0,0,0,0,0,0,0,0,0,0,0,0,0,0,0,0,0,0,0,0,0,0,0,0,0,0,0
21,Rajasthan,'02,Bikaner,'0020,LUNKARANSAR(FULL),'0020,'0020,'0076,KHATIYAWAS,Rural,443.13,0,0,0,0,0,0,0,0,0,0,0,0,0,0,0,0,0,0,0,0,0,0,0,0,0,0,0,0,0,0,0,0,0,0,0,0,0,0,0
21,Rajasthan,'02,Bikaner,'0020,LUNKARANSAR(FULL),'0020,'0020,'0077,SHARAH BEECHHARWAS,Rural,714.41,0,0,0,0,0,0,0,0,0,0,0,0,0,0,0,0,0,0,0,0,0,0,0,0,0,0,0,0,0,0,0,0,0,0,0,0,0,0,0
21,Rajasthan,'02,Bikaner,'0020,LUNKARANSAR(FULL),'0020,'0020,'0078,KHEENYERA,Rural,1942.13,226,226,1565,807,758,147,180,450,420,0,0,272,26,387,7,322,3,6,1,27,0,0,0,1,0,11,2,0,0,4,1,4,0,12,0,0,36,420,715
21,Rajasthan,'02,Bikaner,'0020,LUNKARANSAR(FULL),'0020,'0020,'0079,BHADWAN,Rural,1873.75,87,87,699,361,338,92,84,39,46,9,6,113,11,190,85,176,84,0,0,10,1,0,0,1,0,0,0,0,0,1,0,0,0,2,0,0,0,171,253
21,Rajasthan,'02,Bikaner,'0020,LUNKARANSAR(FULL),'0020,'0020,'0080,DOODIYALI,Rural,924.3,122,122,945,470,475,118,123,72,55,0,0,125,16,216,40,108,21,19,0,56,17,0,0,10,2,1,0,5,0,5,0,7,0,5,0,15,109,239,326
21,Rajasthan,'02,Bikaner,'0020,LUNKARANSAR(FULL),'0020,'0020,'0081,DOODI MUKLERA,Rural,408.55,3,3,22,11,11,4,6,5,3,0,0,0,0,5,2,2,0,3,2,0,0,0,0,0,0,0,0,0,0,0,0,0,0,0,0,0,0,6,9
21,Rajasthan,'02,Bikaner,'0020,LUNKARANSAR(FULL),'0020,'0020,'0082,SODHWALI,Rural,5358.34,158,158,1096,587,509,155,129,155,138,0,0,93,8,258,9,177,6,27,2,28,1,0,0,1,0,1,0,1,0,5,0,8,0,10,0,20,176,309,324
21,Rajasthan,'02,Bikaner,'0020,LUNKARANSAR(FULL),'0020,'0020,'0083,HAPHASAR,Rural,4407,88,88,580,288,292,71,71,20,14,0,0,70,5,143,2,136,1,0,0,4,0,0,0,0,0,1,0,0,0,1,0,0,0,1,1,0,0,145,290
21,Rajasthan,'02,Bikaner,'0020,LUNKARANSAR(FULL),'0020,'0020,'0084,KISTURIYA,Rural,4027.42,57,57,302,165,137,38,31,18,20,3,0,37,1,77,24,49,18,7,5,0,0,0,0,0,0,0,0,8,0,0,0,12,0,1,1,0,0,88,113
21,Rajasthan,'02,Bikaner,'0020,LUNKARANSAR(FULL),'0020,'0020,'0085,BAMANWALI,Rural,1753.47,139,140,930,456,474,108,99,71,70,0,0,217,63,211,3,139,3,0,0,3,0,0,0,0,0,3,0,19,0,12,0,14,0,21,0,0,1,245,470
21,Rajasthan,'02,Bikaner,'0020,LUNKARANSAR(FULL),'0020,'0020,'0086,DHEERERAN STATION,Rural,1014.58,79,79,404,217,187,42,36,94,74,2,1,85,14,109,9,43,3,21,4,1,0,0,0,0,0,0,0,21,0,5,1,11,0,7,1,0,0,108,178
21,Rajasthan,'02,Bikaner,'0020,LUNKARANSAR(FULL),'0020,'0020,'0087,UTTAMDESAR,Rural,2142.51,100,100,673,346,327,76,75,29,30,0,0,101,7,156,1,127,0,1,0,14,1,0,0,1,0,1,0,8,0,0,0,1,0,3,0,1,12,189,314
21,Rajasthan,'02,Bikaner,'0020,LUNKARANSAR(FULL),'0020,'0020,'0088,JAISAN,Rural,2433.43,91,91,650,347,303,87,67,63,53,0,0,84,10,177,83,111,63,12,2,43,18,0,0,1,0,1,0,0,0,4,0,0,0,5,0,10,91,160,129
21,Rajasthan,'02,Bikaner,'0020,LUNKARANSAR(FULL),'0020,'0020,'0089,MAHARANA,Rural,1212.12,38,54,325,181,144,44,26,34,14,0,0,73,11,90,5,71,3,12,0,1,2,0,0,0,0,1,0,0,0,1,0,3,0,1,0,12,93,79,46
21,Rajasthan,'02,Bikaner,'0020,LUNKARANSAR(FULL),'0020,'0020,'0090,SADHERAN,Rural,1614.41,21,21,148,73,75,13,19,0,0,0,0,30,16,40,0,38,0,0,0,1,0,0,0,0,0,0,0,0,0,0,0,0,0,1,0,3,47,30,28
21,Rajasthan,'02,Bikaner,'0020,LUNKARANSAR(FULL),'0020,'0020,'0091,DHEERERAN,Rural,1531.84,137,137,1013,530,483,113,91,119,127,0,0,181,14,282,69,202,41,19,16,20,0,0,0,2,0,4,0,7,0,8,9,11,0,9,3,0,173,248,241
21,Rajasthan,'02,Bikaner,'0020,LUNKARANSAR(FULL),'0020,'0020,'0092,DULMERA,Rural,3068.59,56,56,468,243,225,68,59,11,12,0,0,80,14,104,6,12,0,89,1,0,0,0,0,0,0,0,0,0,0,0,0,0,0,3,5,0,0,139,219
21,Rajasthan,'02,Bikaner,'0020,LUNKARANSAR(FULL),'0020,'0020,'0093,HANSERAN,Rural,1642.57,145,145,1135,582,553,126,146,36,47,0,0,188,28,301,13,225,1,7,0,22,11,2,0,0,0,10,1,7,0,15,0,4,0,9,0,30,177,251,363
21,Rajasthan,'02,Bikaner,'0020,LUNKARANSAR(FULL),'0020,'0020,'0094,DULMERA STATION,Rural,697.32,163,163,1013,516,497,96,114,128,122,0,0,217,73,248,11,143,1,41,10,1,0,18,0,0,0,4,0,2,0,13,0,1,0,25,0,0,0,268,486
21,Rajasthan,'02,Bikaner,'0020,LUNKARANSAR(FULL),'0020,'0020,'0095,KHARI,Rural,2886.94,193,193,1373,718,655,173,151,162,138,0,0,129,15,364,1,298,0,10,0,39,0,0,0,0,0,9,0,0,0,2,0,2,0,4,1,0,0,354,654
21,Rajasthan,'02,Bikaner,'0020,LUNKARANSAR(FULL),'0020,'0020,'0096,KUJTI,Rural,6144,151,151,1057,560,497,112,98,80,58,0,0,209,66,303,35,289,19,11,10,0,6,0,0,0,0,1,0,0,0,0,0,1,0,1,0,23,86,234,376
21,Rajasthan,'02,Bikaner,'0020,LUNKARANSAR(FULL),'0020,'0020,'0097,SURNANA,Rural,3336.95,293,294,2112,1064,1048,257,237,198,203,0,0,301,38,525,360,433,323,12,11,68,25,0,0,0,0,2,0,0,0,2,1,1,0,7,0,28,167,511,521
21,Rajasthan,'02,Bikaner,'0020,LUNKARANSAR(FULL),'0020,'0020,'0098,KALKAL MUKLERA,Rural,1449.08,3,3,18,9,9,2,0,1,2,0,0,4,0,4,1,3,1,0,0,1,0,0,0,0,0,0,0,0,0,0,0,0,0,0,0,1,2,4,6
21,Rajasthan,'02,Bikaner,'0020,LUNKARANSAR(FULL),'0020,'0020,'0099,KAKAR ICHCHHA,Rural,1269.83,3,3,10,7,3,0,0,0,0,0,0,2,0,7,0,2,0,0,0,5,0,0,0,0,0,0,0,0,0,0,0,0,0,0,0,0,3,0,0
21,Rajasthan,'02,Bikaner,'0020,LUNKARANSAR(FULL),'0020,'0020,'0100,JAKHAR WALA,Rural,1219.53,11,11,55,32,23,4,4,0,0,0,0,19,8,13,8,8,3,0,0,2,5,0,0,0,0,2,0,1,0,0,0,0,0,0,0,0,0,19,15
21,Rajasthan,'02,Bikaner,'0020,LUNKARANSAR(FULL),'0020,'0020,'0101,LUNKARANSAR,Rural,10498.32,2514,2532,15876,8685,7191,1779,1699,1227,1056,18,24,4185,1843,4318,452,1592,231,517,130,51,2,5,0,145,14,337,3,201,9,797,11,118,1,555,51,32,355,4335,6384
21,Rajasthan,'02,Bikaner,'0020,LUNKARANSAR(FULL),'0020,'0020,'0102,PHOOLDESAR SINGAS,Rural,2227.99,81,82,530,285,245,68,65,31,22,0,0,87,11,120,1,120,1,0,0,0,0,0,0,0,0,0,0,0,0,0,0,0,0,0,0,0,0,165,244
21,Rajasthan,'02,Bikaner,'0020,LUNKARANSAR(FULL),'0020,'0020,'0103,ROJHAN,Rural,2567.52,201,203,1516,799,717,198,176,106,82,0,0,135,10,401,37,376,36,22,1,1,0,0,0,0,0,0,0,1,0,0,0,0,0,1,0,0,2,398,678
21,Rajasthan,'02,Bikaner,'0020,LUNKARANSAR(FULL),'0020,'0020,'0104,SEHNIWALA,Rural,2257.01,178,198,1432,761,671,158,172,177,152,0,0,204,29,421,281,343,235,68,45,1,1,0,0,1,0,2,0,3,0,1,0,0,0,2,0,0,0,340,390
21,Rajasthan,'02,Bikaner,'0020,LUNKARANSAR(FULL),'0020,'0020,'0105,UDANA,Rural,2671.43,182,184,1261,651,610,149,162,155,130,0,0,154,18,331,127,311,113,14,6,4,7,0,0,0,0,0,0,0,0,1,1,0,0,1,0,14,41,306,442
21,Rajasthan,'02,Bikaner,'0020,LUNKARANSAR(FULL),'0020,'0020,'0106,KANKARWALA,Rural,5996.44,180,182,1400,724,676,161,161,144,131,1,2,158,14,410,0,366,0,0,0,30,0,0,0,5,0,0,0,1,0,3,0,3,0,2,0,3,152,311,524
21,Rajasthan,'02,Bikaner,'0020,LUNKARANSAR(FULL),'0020,'0020,'0107,TEJANA,Rural,1571.99,55,55,350,195,155,45,39,14,14,0,0,8,0,117,3,117,3,0,0,0,0,0,0,0,0,0,0,0,0,0,0,0,0,0,0,0,0,78,152
21,Rajasthan,'02,Bikaner,'0020,LUNKARANSAR(FULL),'0020,'0020,'0108,BHADERAN,Rural,2482.03,171,171,1225,638,587,183,154,175,158,0,0,145,13,311,138,267,127,34,11,1,0,0,0,0,0,0,0,0,0,3,0,4,0,2,0,0,0,327,449
21,Rajasthan,'02,Bikaner,'0020,LUNKARANSAR(FULL),'0020,'0020,'0109,PEEPERA,Rural,2170.45,321,327,2011,1098,913,268,219,242,222,13,10,409,81,553,50,344,40,76,2,2,0,0,0,0,0,4,0,70,3,14,0,13,1,30,4,0,136,545,727
21,Rajasthan,'02,Bikaner,'0020,LUNKARANSAR(FULL),'0020,'0020,'0110,BHOM MALKISAR,Rural,1285.41,66,66,382,213,169,59,31,56,44,0,0,41,4,130,107,130,107,0,0,0,0,0,0,0,0,0,0,0,0,0,0,0,0,0,0,0,2,83,60
21,Rajasthan,'02,Bikaner,'0020,LUNKARANSAR(FULL),'0020,'0020,'0111,MOHKAMPURA,Rural,2989.86,98,98,899,478,421,109,82,31,28,0,0,107,20,233,85,181,69,13,9,18,6,0,0,11,1,1,0,0,0,2,0,1,0,6,0,19,73,226,263
21,Rajasthan,'02,Bikaner,'0020,LUNKARANSAR(FULL),'0020,'0020,'0112,BEER SANGREU,Rural,539.75,60,60,308,169,139,30,37,48,51,0,0,69,12,98,0,87,0,0,0,0,0,0,0,0,0,0,0,10,0,0,0,0,0,1,0,4,68,67,71
21,Rajasthan,'02,Bikaner,'0020,LUNKARANSAR(FULL),'0020,'0020,'0113,MALKISAR,Rural,3445.64,248,248,1672,884,788,185,141,106,88,0,0,363,45,486,334,387,286,36,7,45,37,0,0,2,0,5,0,1,0,5,1,0,0,5,3,6,77,392,377
21,Rajasthan,'02,Bikaner,'0020,LUNKARANSAR(FULL),'0020,'0020,'0114,SUIN,Rural,9813.15,273,274,1884,1003,881,204,184,354,312,0,0,326,91,524,18,413,9,11,1,35,3,0,0,1,0,12,0,2,0,22,4,9,0,19,1,15,417,464,446
21,Rajasthan,'02,Bikaner,'0020,LUNKARANSAR(FULL),'0020,'0020,'0115,DULCHASAR,Rural,3537.06,85,85,555,294,261,62,66,74,56,0,0,107,28,150,60,144,60,2,0,1,0,0,0,0,0,0,0,0,0,0,0,0,0,3,0,0,67,144,134
21,Rajasthan,'02,Bikaner,'0020,LUNKARANSAR(FULL),'0020,'0020,'0116,BAKHOOSAR,Rural,2024.4,103,103,676,345,331,66,65,98,98,0,0,104,16,177,8,156,8,0,0,17,0,0,0,0,0,0,0,0,0,0,0,2,0,2,0,0,142,168,181
21,Rajasthan,'02,Bikaner,'0020,LUNKARANSAR(FULL),'0020,'0020,'0117,SHEKHSAR,Rural,9276.51,508,508,3636,1881,1755,420,396,340,296,0,0,661,117,928,522,732,438,10,4,84,62,0,0,2,0,23,5,1,0,27,6,11,0,38,7,21,331,932,902
21,Rajasthan,'02,Bikaner,'0020,LUNKARANSAR(FULL),'0020,'0020,'0118,KAPOORISAR,Rural,2823,271,271,1936,990,946,215,191,152,145,0,1,378,63,537,254,463,240,15,3,17,9,0,0,8,1,0,0,1,0,10,0,4,0,19,1,11,97,442,595
21,Rajasthan,'02,Bikaner,'0020,LUNKARANSAR(FULL),'0020,'0020,'0119,GOPALYAN,Rural,2099.02,208,208,1459,745,714,177,188,96,82,0,0,197,37,407,279,319,240,11,9,63,28,0,0,3,0,2,1,0,0,3,0,0,0,6,1,26,133,312,302
21,Rajasthan,'02,Bikaner,'0020,LUNKARANSAR(FULL),'0020,'0020,'0120,NATHWANA,Rural,2806.59,208,211,1743,891,852,189,211,199,224,0,0,188,29,457,138,440,133,5,4,1,0,0,0,0,0,1,0,4,1,1,0,0,0,5,0,15,208,419,506
21,Rajasthan,'02,Bikaner,'0020,LUNKARANSAR(FULL),'0020,'0020,'0121,KISNASAR,Rural,4822.03,122,122,920,468,452,128,111,70,59,0,0,162,18,228,206,200,205,0,0,2,0,0,0,0,0,11,0,0,0,8,1,1,0,6,0,0,3,240,243
21,Rajasthan,'02,Bikaner,'0020,LUNKARANSAR(FULL),'0020,'0020,'0122,KALWAS,Rural,2339.15,84,84,564,268,296,65,69,54,69,0,0,76,9,112,6,100,6,2,0,4,0,0,0,0,0,0,0,0,0,2,0,0,0,4,0,0,0,156,290
21,Rajasthan,'02,Bikaner,'0020,LUNKARANSAR(FULL),'0020,'0020,'0123,UCHHRANGDESAR,Rural,1764.58,163,163,1119,610,509,138,125,81,90,3,3,312,90,291,13,112,10,24,2,1,0,0,0,1,0,35,0,6,0,44,0,31,0,37,1,0,5,319,491
21,Rajasthan,'02,Bikaner,'0020,LUNKARANSAR(FULL),'0020,'0020,'0124,JOGIYASAN,Rural,543.15,145,145,904,481,423,120,102,21,15,0,0,175,41,225,6,187,3,6,3,2,0,0,0,10,0,4,0,0,0,7,0,4,0,5,0,0,0,256,417
21,Rajasthan,'02,Bikaner,'0020,LUNKARANSAR(FULL),'0020,'0020,'0125,SAHAJARASAR,Rural,8099.85,375,375,2446,1248,1198,278,260,160,137,33,25,256,26,646,470,524,381,62,23,29,57,0,0,11,7,1,0,1,0,8,1,2,0,8,1,61,183,541,545
21,Rajasthan,'02,Bikaner,'0020,LUNKARANSAR(FULL),'0020,'0020,'0126,BASI CHARNAN,Rural,1969.59,0,0,0,0,0,0,0,0,0,0,0,0,0,0,0,0,0,0,0,0,0,0,0,0,0,0,0,0,0,0,0,0,0,0,0,0,0,0,0
21,Rajasthan,'02,Bikaner,'0020,LUNKARANSAR(FULL),'0020,'0020,'0127,BHANIPURA,Rural,1469.04,0,0,0,0,0,0,0,0,0,0,0,0,0,0,0,0,0,0,0,0,0,0,0,0,0,0,0,0,0,0,0,0,0,0,0,0,0,0,0
21,Rajasthan,'02,Bikaner,'0020,LUNKARANSAR(FULL),'0020,'0020,'0128,ADSAR,Rural,4258.64,124,124,856,446,410,116,89,60,66,0,0,74,3,234,160,224,157,1,0,3,3,0,0,0,0,1,0,0,0,1,0,2,0,2,0,0,16,212,234
21,Rajasthan,'02,Bikaner,'0020,LUNKARANSAR(FULL),'0020,'0020,'0129,RAWANSAR,Rural,1700.53,94,95,668,333,335,71,76,44,49,0,0,133,42,177,186,153,185,1,0,10,0,0,0,0,0,4,0,0,0,3,0,3,0,3,1,0,0,156,149
21,Rajasthan,'02,Bikaner,'0020,LUNKARANSAR(FULL),'0020,'0020,'0130,BAS KARNISAR,Rural,307.27,13,13,116,53,63,9,14,0,0,0,0,27,14,27,31,27,31,0,0,0,0,0,0,0,0,0,0,0,0,0,0,0,0,0,0,0,0,26,32
21,Rajasthan,'02,Bikaner,'0020,LUNKARANSAR(FULL),'0020,'0020,'0131,NATHUSAR,Rural,2268.32,72,75,495,269,226,67,63,122,92,0,0,55,4,121,7,117,7,0,0,0,0,0,0,0,0,0,0,0,0,0,0,0,0,4,0,0,0,148,219
21,Rajasthan,'02,Bikaner,'0020,LUNKARANSAR(FULL),'0020,'0020,'0132,CHANDSAR,Rural,1038.04,30,30,215,114,101,22,21,45,38,0,0,23,2,47,13,46,13,0,0,0,0,0,0,0,0,0,0,1,0,0,0,0,0,0,0,0,0,67,88
21,Rajasthan,'02,Bikaner,'0020,LUNKARANSAR(FULL),'0020,'0020,'0133,NAKODESAR,Rural,2740.6,118,118,971,454,517,131,123,88,88,0,0,92,17,226,9,155,6,0,0,57,3,0,0,0,0,4,0,0,0,2,0,0,0,8,0,0,259,228,249
21,Rajasthan,'02,Bikaner,'0020,LUNKARANSAR(FULL),'0020,'0020,'0134,KHAPHARSAR,Rural,1089.43,26,26,208,111,97,21,20,3,10,0,0,36,0,62,11,50,11,0,0,11,0,0,0,0,0,0,0,0,0,0,0,0,0,1,0,0,4,49,82
21,Rajasthan,'02,Bikaner,'0020,LUNKARANSAR(FULL),'0020,'0020,'0135,KOOBIYA,Rural,1341.16,28,28,126,65,61,11,16,4,3,0,0,24,4,40,1,35,0,0,0,3,0,0,0,0,0,0,0,0,0,0,0,0,0,2,1,0,1,25,59
21,Rajasthan,'02,Bikaner,'0020,LUNKARANSAR(FULL),'0020,'0020,'0136,GARABDESAR,Rural,9104.51,314,315,1849,969,880,216,173,456,406,0,0,277,43,493,54,448,51,0,1,0,0,0,0,10,2,1,0,1,0,14,0,2,0,17,0,7,102,469,724
21,Rajasthan,'02,Bikaner,'0020,LUNKARANSAR(FULL),'0020,'0020,'0137,KALOO,Rural,13474.48,1161,1165,7147,3592,3555,687,739,429,410,4,1,1562,754,1749,58,1192,36,17,2,31,0,0,0,10,1,60,0,32,0,219,0,67,0,121,19,3,64,1840,3433
21,Rajasthan,'02,Bikaner,'0020,LUNKARANSAR(FULL),'0020,'0020,'0138,RAJPURAHUDAN,Rural,3597.04,236,241,1108,579,529,138,126,266,258,0,0,139,24,283,18,180,7,59,0,17,1,0,0,10,2,1,0,1,0,12,7,0,0,3,1,14,153,282,358
21,Rajasthan,'02,Bikaner,'0020,LUNKARANSAR(FULL),'0020,'0020,'0139,MANAFARSAR,Rural,1367.02,105,105,722,390,332,85,64,51,46,0,0,127,10,196,33,138,26,30,5,12,1,0,0,2,0,0,0,0,0,11,1,0,0,3,0,1,155,193,144
21,Rajasthan,'02,Bikaner,'0020,LUNKARANSAR(FULL),'0020,'0020,'0140,DHEERDAN,Rural,4052.17,95,95,682,345,337,76,77,92,86,0,0,117,19,183,172,152,160,0,0,18,5,0,0,0,0,4,0,1,0,5,6,0,0,3,1,0,4,162,161
21,Rajasthan,'02,Bikaner,'0020,LUNKARANSAR(FULL),'0020,'0020,'0141,PHANCHARA @ AMARPURA,Rural,4543.56,164,164,1190,625,565,122,125,79,57,0,0,247,23,320,89,265,78,15,4,12,6,0,0,7,0,3,0,0,0,6,0,0,0,12,1,6,247,299,229
21,Rajasthan,'02,Bikaner,'0020,LUNKARANSAR(FULL),'0020,'0020,'0142,DHANI PANDUSAR,Rural,3304.04,185,185,1485,763,722,170,163,121,101,0,0,217,17,388,16,333,10,8,1,17,1,0,0,4,0,0,0,1,0,6,2,6,0,13,2,32,183,343,523
21,Rajasthan,'02,Bikaner,'0020,LUNKARANSAR(FULL),'0020,'0020,'0143,RAJASAR @ KARNISAR,Rural,5216.17,236,237,1810,953,857,214,170,233,207,0,0,256,51,493,230,441,212,27,14,3,0,0,0,1,0,2,0,0,0,9,1,3,0,7,3,24,151,436,476
21,Rajasthan,'02,Bikaner,'0020,LUNKARANSAR(FULL),'0020,'0020,'0144,CHHATASAR,Rural,3204.8,99,99,683,335,348,64,71,65,60,0,0,139,25,175,168,166,164,1,1,0,0,0,0,0,1,1,1,0,0,1,0,3,0,3,1,1,36,159,144
21,Rajasthan,'02,Bikaner,'0020,LUNKARANSAR(FULL),'0020,'0020,'0145,KAGASAR,Rural,2353.3,97,97,763,387,376,81,62,43,43,0,0,161,9,186,119,172,119,0,0,7,0,0,0,0,0,1,0,0,0,2,0,0,0,4,0,2,110,199,147
