location_code_1971,name_1971_ocr,area_acres,occupied_houses,households_1971,persons_1971,status_1971,pdf_page
1,Gaboa @ Lalawali,9450,15,15,76,inhabited,102
2,Sherpura,7466,,,,uninhabited,102
3,Kharbara,52178,86,175,730,inhabited,102
4,Takhtpura,12773,23,24,175,inhabited,102
5,Bhandsar,19927,89,94,455,inhabited,102
6,Dewasar,11449,32,32,180,inhabited,102
7,Kanholai with Bas Rampura,33147,154,156,1007,inhabited,102
8,Lakhansar,12149,28,28,149,inhabited,102
9,Raner with Damolai,60170,65,343,979,inhabited,102
10,Saosardesar,13947,16,16,108,inhabited,102
11,Gheghra,17084,37,233,634,inhabited,102
12,Mahadeowali Bas Karnisar,22208,125,125,931,inhabited,102
13,Gaurisar,8706,16,16,106,inhabited,102
14,Sadolai,13696,82,82,482,inhabited,102
15,Motasar,32888,61,61,394,inhabited,102
16,Raimalwali @ Reeoa,26319,57,61,440,inhabited,102
17,Beranwala,8450,32,37,286,inhabited,102
18,Kummana with Bas Dhannasar,23488,139,142,812,inhabited,102
19,Rekh Chudana,969,,,,uninhabited,102
20,Rekh Bhaoabasti,1046,,,,uninhabited,102
21,Ladera,6230,26,27,195,inhabited,102
22,Rekh Ajeetmana,632,,,,uninhabited,102
23,Bhunwala,11921,54,55,459,inhabited,102
24,Bheekhoera,5874,43,43,289,inhabited,102
25,Manera,17906,81,81,497,inhabited,102
26,Thuiya,12705,61,61,440,inhabited,102
27,Jagor,9118,52,53,422,inhabited,102
28,Hathoosar,8827,39,39,261,inhabited,102
29,Cheedasar,5958,36,36,217,inhabited,102
30,Hindor,6326,28,28,180,inhabited,102
31,Lakhaur Bari,9707,31,31,196,inhabited,102
32,Lakhaur Chhoti,2891,17,17,86,inhabited,102
33,Rampura,7649,40,41,254,inhabited,102
34,Phooleji,7519,64,66,443,inhabited,102
35,C'hak .lor,4889,,,,uninhabited,102
36,Ramsara,5587,59,59,378,inhabited,102
37,Chak Asrasar,1310,,,,uninhabited,102
38,Jaswantsar,8916,11,11,84,inhabited,102
39,Asrasar,3006,10,10,54,inhabited,102
40,Jagatsinghpura,3649,2,2,14,inhabited,102
41,J(hanisar,9767,97,102,661,inhabited,104
42,Likhmisar,4515,24,24,226,inhabited,104
43,Kumbhasar,4002,25,26,162,inhabited,104
44,Dooderiya,3894,,14,100,inhabited,104
45,Meusar,4619,49,49,362,inhabited,104
46,Nakrasar,7802,11,11,148,inhabited,104
47,I{ankraliya,5323,14,14,110,inhabited,104
48,Doader,12861,35,35,254,inhabited,104
49,Bhojrasar,17927,41,41,331,inhabited,104
50,I{hinyana,8338,17,17,93,inhabited,104
51,Shyodanpura,2663,,,,uninhabited,104
52,Manohariya,11266,96,96,629,inhabited,104
53,Gusaina,5310,12,12,103,inhabited,104
54,Baladesar,5978,29,29,209,inhabited,104
55,Ratnisar,5102,23,23,203,inhabited,104
56,Lalera,3279,13,13,114,inhabited,104
57,Chak Bhanwariya,5683,,,,uninhabited,104
58,Ghesoora,6556,57,58,376,inhabited,104
59,Ram Bagh,3748,85,86,571,inhabited,104
60,Soorajpura,3127,,,,uninhabited,104
61,Chak Arjansar,786,,,,uninhabited,104
62,Mithriya,9800,187,188,927,inhabited,104
63,Arjansar,2948,,,,uninhabited,104
64,RaOisar,3263,37,38,256,inhabited,104
65,Sabniyan,7648,87,88,663,inhabited,104
66,TaliwaJa,6700,24,24,149,inhabited,104
67,Jaitpur,50619,353,361,2327,inhabited,104
68,Ranjeetpura,4786,,,,uninhabited,104
69,Sherpura,30193,195,204,1379,inhabited,104
70,Mahajan,26800,951,966,3878,inhabited,104
71,Beer Sangreu,4193,,,,uninhabited,104
72,Mohkampura,7579,51,51,369,inhabited,104
73,Baderan,13740,76,76,482,inhabited,104
74,Soolera,6451,16,16,98,inhabited,104
75,Likhmi Narayansar@,2402,52,53,395,inhabited,104
76,DeJana Chhota,8289,3,3,,inhabited,104
77,Delana Bara          12.488,86,86,28,15,inhabited,104
78,Rekh Meghana,2073,,,,uninhabited,104
79,Khonkharana,12620,128,128,920,inhabited,104
80,Beermana,4050,63,63,419,inhabited,104
81,Motolai,12413,79,80,608,inhabited,104
82,Lakhawar              7.593,47,47,316,170,inhabited,104
83,Ajeetmana,3995,84,92,592,inhabited,104
84,Karnali,4069,9,9,61,inhabited,104
85,Koonda,11403,6,6,43,inhabited,104
86,Kela,35479,286,286,1904,inhabited,106
87,Sardarpura,22013,38,38,240,inhabited,106
88,Ambaran,6414,,1,,inhabited,106
89,Rajasar Bhatiyan,36810,195,196,1191,inhabited,106
90,Makrasar,8112,120,120,726,inhabited,106
91,Binjarwali,13563,89,89,529,inhabited,106
92,Moosalki,3020,24,25,137,inhabited,106
93,Sobholai,4794,76,76,483,inhabited,106
94,Kheeleriya,6560,61,61,460,inhabited,106
96,Ratanpura @ Bhobiya,1394,,,,uninhabited,106
97,Lalera,3579,21,21,126,inhabited,106
98,Ganta,4000,,,,uninhabited,106
99,Bhojawas,2347,,,,uninhabited,106
100,Phooldesar                4.900,96,122,766,415,inhabited,106
101,Sharah Hameerwas,1855,,,,uninhabited,106
102,Udeshiya,2399,27,27,165,inhabited,106
103,Sharah Boochawas,1943,,,,uninhabited,106
104,Unchaida,3712,13,13,86,inhabited,106
105,Sharah Netawas,950,,,,uninhabited,106
106,Khatiyawas,1083,,,,uninhabited,106
107,Sharah Bichharwas,1765,,,,uninhabited,106
108,Kheenyera,4743,138,144,840,inhabited,106
109,Bhadwa,4665,53,53,417,inhabited,106
110,Doodiyali,2705,59,59,434,inhabited,106
112,Sodhwali,13241,77,77,480,inhabited,106
113,Haphasar,10798,40,40,264,inhabited,106
114,Kisturiya,9952,14,14,74,inhabited,106
115,Bamanwali,4333,79,163,668,inhabited,106
116,Jaisa,6059,52,76,334,inhabited,106
117,Mahrana,2970,20,,127,inhabited,106
118,Sadheran,3955,10,10,72,inhabited,106
119,Dheerera,3821,85,120,588,inhabited,106
120,Uttamdesar,8036,151,163,862,inhabited,106
121,Dulmera,7530,32,33,188,inhabited,106
122,Hansera,7837,160,167,925,inhabited,106
123,Khari,7133,,121,745,inhabited,106
124,"Koojti                L5,055",85,85,536,277,inhabited,106
125,Surnana,8246,152,153,975,inhabited,106
127,Jakharwala,3014,3,3,23,inhabited,106
128,Lunkaransar              23.575,709,768,4086,2182,inhabited,106
129,Rojan,6291,74,75,511,inhabited,106
130,Sehniwala,5577,40,40,241,inhabited,106
131,Udana,7589,10,10,78,inhabited,108
132,Kankarwala,13425,103,103,665,inhabited,108
133,Tejana,5299,,,,uninhabited,108
134,Bhandera                     7.890,62,62,339,179,inhabited,108
136,Peepera,5362,138,138,792,inhabited,108
137,Ma)kisar,17370,130,130,861,inhabited,108
138,Sui,23966,102,102,,inhabited,108
139,Dulchasar,8639,40,40,276,inhabited,108
141,Shekhsar,22753,,319,2011,inhabited,108
142,Kapoorisar,12111,189,192,1060,inhabited,108
143,Goplan,12010,92,92,456,inhabited,108
144,Nathwana,6936,71,77,1032,inhabited,108
145,Kisnasar                    12.031,78,82,504,249,inhabited,108
146,Kalwas,5713,46,47,293,inhabited,108
147,Uchhrangdesar,4307,44,44,251,inhabited,108
148,Basti JogiYasan,1121,81,81,483,inhabited,108
149,Basti Delwa,1179,35,35,203,inhabited,108
150,Kalka) Muk)era,3582,5,5,26,inhabited,108
151,Sahajrasar,20015,237,237,1420,inhabited,108
152,Basi Charnan,4811,,,,uninhabited,108
153,Bhanipura,3558,,,,uninhabited,108
154,Adsar,10403,87,87,510,inhabited,108
155,Rawansar,4154,52,52,294,inhabited,108
156,Bas Karnisar,759,6,6,75,inhabited,108
157,Natboosar,5541,38,38,236,inhabited,108
158,Chandsar,2540,18,18,110,inhabited,108
159,Nakodesar,6694,64,64,406,inhabited,108
160,Kbapharsar,2661,15,15,121,inhabited,108
161,Koobiya,3016,,,,uninhabited,108
162,Garabdesar                  22.243,182,187,1091,563,inhabited,108
163,Kaloo,32910,733,791,4496,inhabited,108
164,Rajpul'a Hudan,8890,93,95,528,inhabited,108
165,Manafarsar,3377,69,69,477,inhabited,108
166,Dbeerdan,10014,79,81,350,inhabited,108
167,Amarpura @ Pachara,11227,98,101,633,inhabited,108
168,Dhani Pandoosar,8165,103,121,793,inhabited,108
169,Rajasar @ Karnisar,12889,157,160,1069,inhabited,108
170,Chhatasar,7834,50,50,386,inhabited,108
171,Kagasar,5750,55,55,363,inhabited,108
