shrid2,pc91_state_id,pc91_district_id,pc91_subdistrict_id,pc91_village_id,pc91_land_area,pc91_pca_tot_p
11-08-101-00475-069203,21,02,0020,0015,19.4587,1294.0
11-08-101-00475-069204,21,02,0020,0016,19.7944,847.0
11-08-101-00475-069205,21,02,0020,0018,5.3007,186.0
11-08-101-00475-069206,21,02,0020,0017,22.61,651.0
11-08-101-00475-069207,21,02,0020,0014,12.16,399.0
11-08-101-00475-069208,21,02,0020,0019,35.14,452.0
11-08-101-00475-069209,21,02,0020,0027,1.97,1726.0
11-08-101-00475-069210,21,02,0020,0028,34.0397,738.0
11-08-101-00475-069212,21,02,0020,0032,31.2995,1401.0
11-08-101-00475-069213,21,02,0020,0031,27.1248,809.0
11-08-101-00475-069214,21,02,0020,0034,177.7345,4494.0
11-08-101-00475-069215,21,02,0020,0033,27.12,7.0
11-08-101-00475-069216,21,02,0020,0037,13.46,163.0
11-08-101-00475-069217,21,02,0020,0038,91.77,2570.0
11-08-101-00475-069218,21,02,0020,0036,16.38,193.0
11-08-101-00475-069220,21,02,0020,0030,13.2,638.0
11-08-101-00475-069223,21,02,0020,0024,15.17,1109.0
11-08-101-00475-069224,21,02,0020,0023,26.53,749.0
11-08-101-00475-069225,21,02,0020,0022,22.12,37.0
11-08-101-00475-069226,21,02,0020,0021,13.2727,294.0
11-08-101-00475-069227,21,02,0020,0020,20.6532,400.0
11-08-101-00475-069228,21,02,0020,0039,108.5241,4998.0
11-08-101-00475-069229,21,02,0020,0040,24.1943,729.0
11-08-101-00475-069230,21,02,0020,0041,21.49,621.0
11-08-101-00475-069232,21,02,0020,0043,45.59,1027.0
11-08-101-00475-069233,21,02,0020,0044,55.6,1403.0
11-08-101-00475-069234,21,02,0020,0045,26.106499,414.0
11-08-101-00475-069235,21,02,0020,0046,8.34,455.0
11-08-101-00475-069236,21,02,0020,0047,30.06,634.0
11-08-101-00475-069237,21,02,0020,0048,23.7697,1039.0
11-08-101-00475-069238,21,02,0020,0049,8.3862,649.0
11-08-101-00475-069239,21,02,0020,0050,43.5328,914.0
11-08-101-00475-069241,21,02,0020,0051,40.43,1860.0
11-08-101-00475-069242,21,02,0020,0052,26.55,860.0
11-08-101-00475-069243,21,02,0020,0053,19.4,1062.0
11-08-101-00475-069244,21,02,0020,0054,30.73,730.0
11-08-101-00475-069245,21,02,0020,0055,16.17,1137.0
11-08-101-00475-069246,21,02,0020,0056,16.47,193.0
11-08-101-00475-069247,21,02,0020,0062,32.83,1400.0
11-08-101-00475-069248,21,02,0020,0063,44.88,1292.0
11-08-101-00475-069249,21,02,0020,0064,12.32,290.0
11-08-101-00475-069250,21,02,0020,0065,14.21,47.0
11-08-101-00475-069252,21,02,0020,0067,14.49,272.0
11-08-101-00475-069253,21,02,0020,0068,16.19,20.0
11-08-101-00475-069254,21,02,0020,0069,,6.0
11-08-101-00475-069256,21,02,0020,0074,6.669,198.0
11-08-101-00475-069257,21,02,0020,0072,8.0441,526.0
11-08-101-00475-069262,21,02,0020,0078,19.2,1565.0
11-08-101-00475-069263,21,02,0020,0079,18.52,699.0
11-08-101-00475-069264,21,02,0020,0081,4.08,22.0
11-08-101-00475-069265,21,02,0020,0080,9.24,945.0
11-08-101-00475-069266,21,02,0020,0082,53.58,1096.0
11-08-101-00475-069267,21,02,0020,0083,44.07,580.0
11-08-101-00475-069268,21,02,0020,0084,40.28,302.0
11-08-101-00475-069269,21,02,0020,0085,17.5347,930.0
11-08-101-00475-069270,21,02,0020,0087,13.0817,673.0
11-08-101-00475-069271,21,02,0020,0086,10.0526,404.0
11-08-101-00475-069272,21,02,0020,0088,24.3343,650.0
11-08-101-00475-069273,21,02,0020,0089,12.123199,325.0
11-08-101-00475-069274,21,02,0020,0090,16.1441,148.0
11-08-101-00475-069275,21,02,0020,0091,15.3172,1013.0
11-08-101-00475-069276,21,02,0020,0092,24.5896,468.0
11-08-101-00475-069277,21,02,0020,0093,16.3982,1135.0
11-08-101-00475-069278,21,02,0020,0100,10.9903,55.0
11-08-101-00475-069279,21,02,0020,0094,6.9719,1013.0
11-08-101-00475-069280,21,02,0020,0095,27.0606,1373.0
11-08-101-00475-069281,21,02,0020,0096,60.8912,1057.0
11-08-101-00475-069282,21,02,0020,0097,33.881,2112.0
11-08-101-00475-069283,21,02,0020,0099,12.548,10.0
11-08-101-00475-069284,21,02,0020,0098,14.492,18.0
11-08-101-00475-069286,21,02,0020,0101,80.7,15876.0
11-08-101-00475-069288,21,02,0020,0102,18.1925,530.0
11-08-101-00475-069289,21,02,0020,0103,19.76,1516.0
11-08-101-00475-069290,21,02,0020,0070,20.68,1320.0
11-08-101-00475-069291,21,02,0020,0104,15.5555,1432.0
11-08-101-00475-069292,21,02,0020,0105,30.37,1261.0
11-08-101-00475-069294,21,02,0020,0108,25.801,1225.0
11-08-101-00475-069295,21,02,0020,0109,19.923,2011.0
11-08-101-00475-069296,21,02,0020,0110,9.5225,382.0
11-08-101-00475-069297,21,02,0020,0106,55.95,1400.0
11-08-101-00475-069298,21,02,0020,0107,20.194,350.0
11-08-101-00475-069299,21,02,0020,0111,29.8979,899.0
11-08-101-00475-069300,21,02,0020,0112,21.7029,308.0
11-08-101-00475-069304,21,02,0020,0113,46.42,1672.0
11-08-101-00475-069305,21,02,0020,0114,96.99,1884.0
11-08-101-00475-069306,21,02,0020,0115,34.96,555.0
11-08-101-00475-069307,21,02,0020,0116,20.24,676.0
11-08-101-00475-069309,21,02,0020,0117,60.468,3636.0
11-08-101-00475-069310,21,02,0020,0118,63.67,1936.0
11-08-101-00475-069312,21,02,0020,0119,31.74,1459.0
11-08-101-00475-069313,21,02,0020,0120,49.5197,1743.0
11-08-101-00475-069315,21,02,0020,0121,48.2243,920.0
11-08-101-00475-069316,21,02,0020,0122,23.12,564.0
11-08-101-00475-069317,21,02,0020,0123,17.441,1119.0
11-08-101-00475-069318,21,02,0020,0124,4.539,904.0
11-08-101-00475-069319,21,02,0020,0125,80.9984,2446.0
11-08-101-00475-069323,21,02,0020,0137,133.1827,7147.0
11-08-101-00475-069324,21,02,0020,0138,35.9719,1108.0
11-08-101-00475-069325,21,02,0020,0139,13.6732,722.0
11-08-101-00475-069326,21,02,0020,0140,40.531998,682.0
11-08-101-00475-069327,21,02,0020,0141,45.44,1190.0
11-08-101-00475-069328,21,02,0020,0142,33.04,1485.0
11-08-101-00475-069329,21,02,0020,0143,52.16,1810.0
11-08-101-00475-069330,21,02,0020,0144,31.7,683.0
11-08-101-00475-069331,21,02,0020,0145,23.28,763.0
11-08-101-00475-069332,21,02,0020,0136,90.01,1849.0
11-08-101-00475-069333,21,02,0020,0131,22.43,495.0
11-08-101-00475-069334,21,02,0020,0128,42.09,856.0
11-08-101-00475-069335,21,02,0020,0130,3.07,116.0
11-08-101-00475-069336,21,02,0020,0129,16.81,668.0
11-08-101-00475-069337,21,02,0020,0132,10.26,215.0
11-08-101-00475-069338,21,02,0020,0134,10.77,208.0
11-08-101-00475-069339,21,02,0020,0135,12.2,126.0
11-08-101-00475-069340,21,02,0020,0133,27.09,971.0
11-08-101-00479-069778,21,02,0020,0009,8.87,1067.0
11-08-101-00479-069781,21,02,0020,0008,13.43,1161.0
11-08-101-00479-069784,21,02,0020,0011,21.85,1339.0
11-08-101-00479-069785,21,02,0020,0012,41.82,1605.0
11-08-101-00479-069789,21,02,0020,0010,22.09,3009.0
11-08-101-00479-069793,21,02,0020,0007,16.69,660.0
11-08-101-00479-069797,21,02,0020,0006,27.71,5381.0
11-08-101-00479-069803,21,02,0020,0003,66.24,2462.0
11-08-101-00479-069805,21,02,0020,0004,56.21,1179.0
11-08-101-00479-069807,21,02,0020,0005,39.53,2568.0
11-08-101-00479-069832,21,02,0020,0059,89.21,366.0
11-08-101-00479-069833,21,02,0020,0058,143.58,3509.0
11-08-101-00479-069836,21,02,0020,0002,37.37,466.0
11-08-101-00479-069837,21,02,0020,0001,55.42,983.0
11-08-101-00479-069838,21,02,0020,0057,46.14,110.0
11-08-101-00479-069841,21,02,0020,0061,136.2,2873.0
