lgd_village_code,name_en,name_local,subdistrict,census2001_code,census2011_code,lgd_gp_code,lgd_gp_name,lgd_block,lgd_effective_date,evidence,confidence
69794,Ramnagar,,Chhatargarh,00565500,069794,294060,Ram Nagar,Poogal,2023-10-07,"Ram Nagar named as one of 3 new resettlement villages in Standing Committee on Defence 13th Report (3 Aug 2006) para 3.67; 2001 DCH: new since 1991 (no 1991 code), 7,614 ha, 1,792 persons, 205 hh, P M S school + PHS; 2011: 7,610 ha, 1,845 persons, 260 hh",medium-high
69788,Krishan Nagar,,Chhatargarh,00564900,069788,262280,Krishan Nagar,Poogal,2023-10-07,"Krishna Nagar named as resettlement village in SC Defence 2006 para 3.67; also in Dhatarwal community list (data/resettlement_sites.csv). 2001 DCH: new since 1991 (no 1991 code), 6,349 ha, 1,277 persons, 155 hh; 2011: 1,450 persons, 223 hh",medium-high
925994,Krishna Nagar,कृष्ण नगर,Hadan,,000000,,,,2023-07-11,"Second LGD ""Krishna Nagar"" (Hadan sub-district, no census code, LGD effective 2023-07-11); weaker candidate than 69788",low
925986,Naya Khanisar,नया खानीसर,Lunkaransar,,000000,36099,Chakjohad,Lunkaransar,2013-08-26,"""Naya Khanisar"" = New Khanisar; Khanisar (1981 2/2/41) is inside the range. LGD-only village, no census code, created 2013-08-26, GP Chakjohad (with Phuleji and Chak Jor, at the range edge)",medium
960176,Naya Motasar,नया मोटासर,Poogal,,000000,294182,2 Pb,Poogal,2025-03-18,"""Naya Motasar"" = New Motasar; Motasar (1981 2/2/15) is inside the range, but another Motasar exists in Kolayat. LGD-only, created 2025-03-18",low
931790,Devasar,देवासर,Poogal,,000000,262172,Siyasar Panchkosa,Poogal,2018-05-31,"""Devasar"" in Poogal, LGD-only, created 2018-05-31; Devasar (1981 2/2/6) is inside the range; link unproven",low
69378,Ranjeetpura,,Bajju,00526700,069378,,,,2025-06-03,Ranjeetpura: HC petitioners from displaced families (see data/resettlement_sites.csv),confirmed elsewhere
69807,Sansardesar,,Chhatargarh,00566800,069807,36125,Sansardesar,Khajuwala,2025-05-20,Sansardesar: Dhatarwal community history (data/resettlement_sites.csv),community
69354,Karnisar,,Bajju,00524700,069354,,,,2025-06-03,Karnisar (Bajju): community history lists Karnisar,community
