slug,name_hi,name_en,project_status,census_1951_code,census_1951_name,census_1971_code,census_1971_name,census_1981_code,census_1981_name,census_1991_code,census_1991_name_or_status,census_2001_code,census_2001_name,census_2011_code,census_2011_name,lgd_village_code,lgd_name,lgd_gram_panchayat,status_summary,confidence,sources,notes
bhojrasar,भोजरासर,Bhojrasar,acquired,47,Bhojrasar / भोजरासर,49,Bhojrasar (inhabited),2/2/49,Bhojrasar,0013,"merged: MAHAJAN FIELD FIRING RANGE (136,411 ha, 0 pop)",00509900,merged: Mahajan Fieldfiring Range,069202,"merged: Mahajan Fieldfiring Range (136,406 ha)",69202,merged: Mahajan Fieldfiring Range,Mahajan (GP 36115),"whole revenue village merged into Mahajan Field Firing Range between 1981 and 1991; no separate code in 1991, 2001, 2011 or LGD",high,1951 DCH Bikaner Pt II (NADA 28566); 1971 DCH Pt X-A&B (NADA 28480); 1981 DCH Pt XIII-A&B (NADA 29013); 1991 PCA Rural Rajasthan (NADA 43577); 2001 DCH Bikaner (NADA 43862) alphabetical list p.126 gives 1991 code 0013 for the range; 2011 DCH Pt XII-B (NADA 1023) + Admin Atlas Rajasthan 2011 p.113 (NADA 45); LGD villageEntity API 2026-09-25,
kumbhana,कुम्भाणा,Kumbhana,acquired,25,Kumbhana / कुंभाना,18,Kummana with Bas Dhannasar (inhabited),2/2/18,Kummana with Bas-Dhannasar,0013,"merged: MAHAJAN FIELD FIRING RANGE (136,411 ha, 0 pop)",00509900,merged: Mahajan Fieldfiring Range,069202,"merged: Mahajan Fieldfiring Range (136,406 ha)",69202,merged: Mahajan Fieldfiring Range,Mahajan (GP 36115),"whole revenue village merged into Mahajan Field Firing Range between 1981 and 1991; no separate code in 1991, 2001, 2011 or LGD",high,1951 DCH Bikaner Pt II (NADA 28566); 1971 DCH Pt X-A&B (NADA 28480); 1981 DCH Pt XIII-A&B (NADA 29013); 1991 PCA Rural Rajasthan (NADA 43577); 2001 DCH Bikaner (NADA 43862) alphabetical list p.126 gives 1991 code 0013 for the range; 2011 DCH Pt XII-B (NADA 1023) + Admin Atlas Rajasthan 2011 p.113 (NADA 45); LGD villageEntity API 2026-09-25,"1981 amenities: primary + middle school, dispensary, PHS, post office."
motlai,मोटलाई,Motlai,acquired,56,Motolai / मोटोलाई,81,Motolai (inhabited),2/2/81,Motolai,0013,"merged: MAHAJAN FIELD FIRING RANGE (136,411 ha, 0 pop)",00509900,merged: Mahajan Fieldfiring Range,069202,"merged: Mahajan Fieldfiring Range (136,406 ha)",69202,merged: Mahajan Fieldfiring Range,Mahajan (GP 36115),"whole revenue village merged into Mahajan Field Firing Range between 1981 and 1991; no separate code in 1991, 2001, 2011 or LGD",high,1951 DCH Bikaner Pt II (NADA 28566); 1971 DCH Pt X-A&B (NADA 28480); 1981 DCH Pt XIII-A&B (NADA 29013); 1991 PCA Rural Rajasthan (NADA 43577); 2001 DCH Bikaner (NADA 43862) alphabetical list p.126 gives 1991 code 0013 for the range; 2011 DCH Pt XII-B (NADA 1023) + Admin Atlas Rajasthan 2011 p.113 (NADA 45); LGD villageEntity API 2026-09-25,"1981 amenities: primary, middle and high school, post office."
khanisar,खानीसर,Khanisar,acquired,36,Khanisar / खानीसर,41,J(hanisar (inhabited),2/2/41,Khanisar,0013,"merged: MAHAJAN FIELD FIRING RANGE (136,411 ha, 0 pop)",00509900,merged: Mahajan Fieldfiring Range,069202,"merged: Mahajan Fieldfiring Range (136,406 ha)",69202,merged: Mahajan Fieldfiring Range,Mahajan (GP 36115),"whole revenue village merged into Mahajan Field Firing Range between 1981 and 1991; no separate code in 1991, 2001, 2011 or LGD",high,1951 DCH Bikaner Pt II (NADA 28566); 1971 DCH Pt X-A&B (NADA 28480); 1981 DCH Pt XIII-A&B (NADA 29013); 1991 PCA Rural Rajasthan (NADA 43577); 2001 DCH Bikaner (NADA 43862) alphabetical list p.126 gives 1991 code 0013 for the range; 2011 DCH Pt XII-B (NADA 1023) + Admin Atlas Rajasthan 2011 p.113 (NADA 45); LGD villageEntity API 2026-09-25,"LGD has a NEW village ""Naya Khanisar / नया खानीसर"" (LGD 925986, Lunkaransar, GP Chakjohad 36099, created 2013-08-26, no census code): probable resettlement namesake (medium)."
thoiya,ठोईयां,Thoiya,acquired,27,Thoiyan / थोइयां,26,Thuiya (inhabited),2/2/26,Thoia,0013,"merged: MAHAJAN FIELD FIRING RANGE (136,411 ha, 0 pop)",00509900,merged: Mahajan Fieldfiring Range,069202,"merged: Mahajan Fieldfiring Range (136,406 ha)",69202,merged: Mahajan Fieldfiring Range,Mahajan (GP 36115),"whole revenue village merged into Mahajan Field Firing Range between 1981 and 1991; no separate code in 1991, 2001, 2011 or LGD",high,1951 DCH Bikaner Pt II (NADA 28566); 1971 DCH Pt X-A&B (NADA 28480); 1981 DCH Pt XIII-A&B (NADA 29013); 1991 PCA Rural Rajasthan (NADA 43577); 2001 DCH Bikaner (NADA 43862) alphabetical list p.126 gives 1991 code 0013 for the range; 2011 DCH Pt XII-B (NADA 1023) + Admin Atlas Rajasthan 2011 p.113 (NADA 45); LGD villageEntity API 2026-09-25,
manera,मणेरां,Manera,acquired,26,Maneran / मनेरां,25,Manera (inhabited),2/2/25,Manera,0013,"merged: MAHAJAN FIELD FIRING RANGE (136,411 ha, 0 pop)",00509900,merged: Mahajan Fieldfiring Range,069202,"merged: Mahajan Fieldfiring Range (136,406 ha)",69202,merged: Mahajan Fieldfiring Range,Mahajan (GP 36115),"whole revenue village merged into Mahajan Field Firing Range between 1981 and 1991; no separate code in 1991, 2001, 2011 or LGD",high,1951 DCH Bikaner Pt II (NADA 28566); 1971 DCH Pt X-A&B (NADA 28480); 1981 DCH Pt XIII-A&B (NADA 29013); 1991 PCA Rural Rajasthan (NADA 43577); 2001 DCH Bikaner (NADA 43862) alphabetical list p.126 gives 1991 code 0013 for the range; 2011 DCH Pt XII-B (NADA 1023) + Admin Atlas Rajasthan 2011 p.113 (NADA 45); LGD villageEntity API 2026-09-25,
duder,दुदेर,Duder,acquired,45,Duder / दुदेर,48,Doader (inhabited),2/2/48,Dooder,0013,"merged: MAHAJAN FIELD FIRING RANGE (136,411 ha, 0 pop)",00509900,merged: Mahajan Fieldfiring Range,069202,"merged: Mahajan Fieldfiring Range (136,406 ha)",69202,merged: Mahajan Fieldfiring Range,Mahajan (GP 36115),"whole revenue village merged into Mahajan Field Firing Range between 1981 and 1991; no separate code in 1991, 2001, 2011 or LGD",high,1951 DCH Bikaner Pt II (NADA 28566); 1971 DCH Pt X-A&B (NADA 28480); 1981 DCH Pt XIII-A&B (NADA 29013); 1991 PCA Rural Rajasthan (NADA 43577); 2001 DCH Bikaner (NADA 43862) alphabetical list p.126 gives 1991 code 0013 for the range; 2011 DCH Pt XII-B (NADA 1023) + Admin Atlas Rajasthan 2011 p.113 (NADA 45); LGD villageEntity API 2026-09-25,
chidasar,चिड़ासर,Chidasar,acquired,6,Chidsar / चीडासर,29,Cheedasar (inhabited),2/2/29,Cheedasar,0013,"merged: MAHAJAN FIELD FIRING RANGE (136,411 ha, 0 pop)",00509900,merged: Mahajan Fieldfiring Range,069202,"merged: Mahajan Fieldfiring Range (136,406 ha)",69202,merged: Mahajan Fieldfiring Range,Mahajan (GP 36115),"whole revenue village merged into Mahajan Field Firing Range between 1981 and 1991; no separate code in 1991, 2001, 2011 or LGD",high,1951 DCH Bikaner Pt II (NADA 28566); 1971 DCH Pt X-A&B (NADA 28480); 1981 DCH Pt XIII-A&B (NADA 29013); 1991 PCA Rural Rajasthan (NADA 43577); 2001 DCH Bikaner (NADA 43862) alphabetical list p.126 gives 1991 code 0013 for the range; 2011 DCH Pt XII-B (NADA 1023) + Admin Atlas Rajasthan 2011 p.113 (NADA 45); LGD villageEntity API 2026-09-25,
meusar,मेऊसर,Meusar,acquired,38,Meusar / मेउसर,45,Meusar (inhabited),2/2/45,Meusar,0013,"merged: MAHAJAN FIELD FIRING RANGE (136,411 ha, 0 pop)",00509900,merged: Mahajan Fieldfiring Range,069202,"merged: Mahajan Fieldfiring Range (136,406 ha)",69202,merged: Mahajan Fieldfiring Range,Mahajan (GP 36115),"whole revenue village merged into Mahajan Field Firing Range between 1981 and 1991; no separate code in 1991, 2001, 2011 or LGD",high,1951 DCH Bikaner Pt II (NADA 28566); 1971 DCH Pt X-A&B (NADA 28480); 1981 DCH Pt XIII-A&B (NADA 29013); 1991 PCA Rural Rajasthan (NADA 43577); 2001 DCH Bikaner (NADA 43862) alphabetical list p.126 gives 1991 code 0013 for the range; 2011 DCH Pt XII-B (NADA 1023) + Admin Atlas Rajasthan 2011 p.113 (NADA 45); LGD villageEntity API 2026-09-25,Different Meusar 069596 exists in Jasrasar sub-district (LGD 69596); not this village.
khiyana,खिंयाणा,Khiyana,acquired,49,Khiana / खीयाना,50,I{hinyana (inhabited),2/2/50,Khinyana,0013,"merged: MAHAJAN FIELD FIRING RANGE (136,411 ha, 0 pop)",00509900,merged: Mahajan Fieldfiring Range,069202,"merged: Mahajan Fieldfiring Range (136,406 ha)",69202,merged: Mahajan Fieldfiring Range,Mahajan (GP 36115),"whole revenue village merged into Mahajan Field Firing Range between 1981 and 1991; no separate code in 1991, 2001, 2011 or LGD",high,1951 DCH Bikaner Pt II (NADA 28566); 1971 DCH Pt X-A&B (NADA 28480); 1981 DCH Pt XIII-A&B (NADA 29013); 1991 PCA Rural Rajasthan (NADA 43577); 2001 DCH Bikaner (NADA 43862) alphabetical list p.126 gives 1991 code 0013 for the range; 2011 DCH Pt XII-B (NADA 1023) + Admin Atlas Rajasthan 2011 p.113 (NADA 45); LGD villageEntity API 2026-09-25,
kolana,कोलाणा,Kolana,acquired,23,Rekh Cholana,19,Rekh Chudana (uninhabited),2/2/19,Rekh Chudana,0013,"merged: MAHAJAN FIELD FIRING RANGE (136,411 ha, 0 pop)",00509900,merged: Mahajan Fieldfiring Range,069202,"merged: Mahajan Fieldfiring Range (136,406 ha)",69202,merged: Mahajan Fieldfiring Range,Mahajan (GP 36115),"whole revenue village merged into Mahajan Field Firing Range between 1981 and 1991; no separate code in 1991, 2001, 2011 or LGD","medium (identification Kolana = Rekh Chudana/Rekh Cholana is probable, not certain; code chain itself certain)",1951 DCH Bikaner Pt II (NADA 28566); 1971 DCH Pt X-A&B (NADA 28480); 1981 DCH Pt XIII-A&B (NADA 29013); 1991 PCA Rural Rajasthan (NADA 43577); 2001 DCH Bikaner (NADA 43862) alphabetical list p.126 gives 1991 code 0013 for the range; 2011 DCH Pt XII-B (NADA 1023) + Admin Atlas Rajasthan 2011 p.113 (NADA 45); LGD villageEntity API 2026-09-25,
ajeetwana,अजीतवाणा,Ajeetwana,acquired_partial,"53 (Rekh Ajitmana, unpopulated) / 58 (Ajitmana)",Rekh Ajitmana / Ajitmana (अजीतमाना),22 (Rekh) / 83 (Ajeetmana),Rekh Ajeetmana (uninhabited) / Ajeetmana (inhabited),2/2/22 (Rekh) / 2/2/83 (Ajeetmana),"Rekh Ajeetmana (uninhabited, 256 ha) / Ajeetmana (1,617 ha)",0055,AJEETMANA (surviving inhabited village; Rekh Ajeetmana 2/2/22 merged into 0013),00514200,Ajeetmana,069245,Ajeetmana,69245,Ajeetmana,Ajeetmana (GP 36095),"partial: uninhabited Rekh Ajeetmana (2/2/22, 256 ha) merged into range by 1991; inhabited Ajeetmana (1971/1981 code 83, 1,617 ha) survives with unchanged area",high,1951 DCH Bikaner Pt II (NADA 28566); 1971 DCH Pt X-A&B (NADA 28480); 1981 DCH Pt XIII-A&B (NADA 29013); 1991 PCA Rural Rajasthan (NADA 43577); 2001 DCH Bikaner (NADA 43862) alphabetical list p.126 gives 1991 code 0013 for the range; 2011 DCH Pt XII-B (NADA 1023) + Admin Atlas Rajasthan 2011 p.113 (NADA 45); LGD villageEntity API 2026-09-25,
ladera,लाडेरा,Ladera,acquired,54,Ladera / लाडेरा,21,Ladera (inhabited),2/2/21,Ladera,0013,"merged: MAHAJAN FIELD FIRING RANGE (136,411 ha, 0 pop)",00509900,merged: Mahajan Fieldfiring Range,069202,"merged: Mahajan Fieldfiring Range (136,406 ha)",69202,merged: Mahajan Fieldfiring Range,Mahajan (GP 36115),"whole revenue village merged into Mahajan Field Firing Range between 1981 and 1991; no separate code in 1991, 2001, 2011 or LGD",high,1951 DCH Bikaner Pt II (NADA 28566); 1971 DCH Pt X-A&B (NADA 28480); 1981 DCH Pt XIII-A&B (NADA 29013); 1991 PCA Rural Rajasthan (NADA 43577); 2001 DCH Bikaner (NADA 43862) alphabetical list p.126 gives 1991 code 0013 for the range; 2011 DCH Pt XII-B (NADA 1023) + Admin Atlas Rajasthan 2011 p.113 (NADA 45); LGD villageEntity API 2026-09-25,Different Ladera 069062 exists in Bikaner tehsil (LGD 69062); not this village.
bhanabasti,भानाबस्ती,Bhanabasti,acquired,24,Bhana Basti,20,Rekh Bhaoabasti (uninhabited),2/2/20,Rekh Bhanabasti,0013,"merged: MAHAJAN FIELD FIRING RANGE (136,411 ha, 0 pop)",00509900,merged: Mahajan Fieldfiring Range,069202,"merged: Mahajan Fieldfiring Range (136,406 ha)",69202,merged: Mahajan Fieldfiring Range,Mahajan (GP 36115),"whole revenue village merged into Mahajan Field Firing Range between 1981 and 1991; no separate code in 1991, 2001, 2011 or LGD",high,1951 DCH Bikaner Pt II (NADA 28566); 1971 DCH Pt X-A&B (NADA 28480); 1981 DCH Pt XIII-A&B (NADA 29013); 1991 PCA Rural Rajasthan (NADA 43577); 2001 DCH Bikaner (NADA 43862) alphabetical list p.126 gives 1991 code 0013 for the range; 2011 DCH Pt XII-B (NADA 1023) + Admin Atlas Rajasthan 2011 p.113 (NADA 45); LGD villageEntity API 2026-09-25,
nathor,नाथौर,Nathor,acquired,,,,,,,,,,,,,,,,"UNRESOLVED: no village of this name in Census 1951-1981 lists of Lunkaransar, nor in LGD 2026 (any Bikaner sub-district); probably a dhani/hamlet name inside one of the 32 merged villages",n/a,1951 DCH Bikaner Pt II (NADA 28566); 1971 DCH Pt X-A&B (NADA 28480); 1981 DCH Pt XIII-A&B (NADA 29013); 1991 PCA Rural Rajasthan (NADA 43577); 2001 DCH Bikaner (NADA 43862) alphabetical list p.126 gives 1991 code 0013 for the range; 2011 DCH Pt XII-B (NADA 1023) + Admin Atlas Rajasthan 2011 p.113 (NADA 45); LGD villageEntity API 2026-09-25,
berawala,बेरावाला,Berawala,acquired,22,Berawala / बेरावाला,17,Beranwala (inhabited),2/2/17,Beranwala,0013,"merged: MAHAJAN FIELD FIRING RANGE (136,411 ha, 0 pop)",00509900,merged: Mahajan Fieldfiring Range,069202,"merged: Mahajan Fieldfiring Range (136,406 ha)",69202,merged: Mahajan Fieldfiring Range,Mahajan (GP 36115),"whole revenue village merged into Mahajan Field Firing Range between 1981 and 1991; no separate code in 1991, 2001, 2011 or LGD",high,1951 DCH Bikaner Pt II (NADA 28566); 1971 DCH Pt X-A&B (NADA 28480); 1981 DCH Pt XIII-A&B (NADA 29013); 1991 PCA Rural Rajasthan (NADA 43577); 2001 DCH Bikaner (NADA 43862) alphabetical list p.126 gives 1991 code 0013 for the range; 2011 DCH Pt XII-B (NADA 1023) + Admin Atlas Rajasthan 2011 p.113 (NADA 45); LGD villageEntity API 2026-09-25,
kanolai,कानोलाई,Kanolai,acquired,10,Kanolai / कानोलाई,7,Kanholai with Bas Rampura (inhabited),2/2/7,Kanolai with Bas-Rampura,0013,"merged: MAHAJAN FIELD FIRING RANGE (136,411 ha, 0 pop)",00509900,merged: Mahajan Fieldfiring Range,069202,"merged: Mahajan Fieldfiring Range (136,406 ha)",69202,merged: Mahajan Fieldfiring Range,Mahajan (GP 36115),"whole revenue village merged into Mahajan Field Firing Range between 1981 and 1991; no separate code in 1991, 2001, 2011 or LGD",high,1951 DCH Bikaner Pt II (NADA 28566); 1971 DCH Pt X-A&B (NADA 28480); 1981 DCH Pt XIII-A&B (NADA 29013); 1991 PCA Rural Rajasthan (NADA 43577); 2001 DCH Bikaner (NADA 43862) alphabetical list p.126 gives 1991 code 0013 for the range; 2011 DCH Pt XII-B (NADA 1023) + Admin Atlas Rajasthan 2011 p.113 (NADA 45); LGD villageEntity API 2026-09-25,"1971 ""Kanholai with Bas Rampura"", 1981 ""Kanolai with Bas-Rampura""; had a post office in 1981."
dhannasar,धन्नासर,Dhannasar,hamlet,25 (part of),Kumbhana / कुंभाना,18 (part of),Kummana with Bas Dhannasar,2/2/18 (part of),Kummana with Bas-Dhannasar,0013,"merged: MAHAJAN FIELD FIRING RANGE (136,411 ha, 0 pop)",00509900,merged: Mahajan Fieldfiring Range,069202,"merged: Mahajan Fieldfiring Range (136,406 ha)",69202,merged: Mahajan Fieldfiring Range,Mahajan (GP 36115),"hamlet (bas) of Kumbhana: 1971/1981 ""Kummana with Bas Dhannasar""; went with Kumbhana",high,1951 DCH Bikaner Pt II (NADA 28566); 1971 DCH Pt X-A&B (NADA 28480); 1981 DCH Pt XIII-A&B (NADA 29013); 1991 PCA Rural Rajasthan (NADA 43577); 2001 DCH Bikaner (NADA 43862) alphabetical list p.126 gives 1991 code 0013 for the range; 2011 DCH Pt XII-B (NADA 1023) + Admin Atlas Rajasthan 2011 p.113 (NADA 45); LGD villageEntity API 2026-09-25,
rina,रिणा,Rina,alias,21 (part of),Raimalwali / रायमल वाली,16 (part of),Raimalwali @ Reeoa,2/2/16 (part of),Raimalwali @ Reena,0013,"merged: MAHAJAN FIELD FIRING RANGE (136,411 ha, 0 pop)",00509900,merged: Mahajan Fieldfiring Range,069202,"merged: Mahajan Fieldfiring Range (136,406 ha)",69202,merged: Mahajan Fieldfiring Range,Mahajan (GP 36115),"alias of Raimalwali: 1971 ""Raimalwali @ Reeoa"", 1981 ""Raimalwali @ Reena""",high,1951 DCH Bikaner Pt II (NADA 28566); 1971 DCH Pt X-A&B (NADA 28480); 1981 DCH Pt XIII-A&B (NADA 29013); 1991 PCA Rural Rajasthan (NADA 43577); 2001 DCH Bikaner (NADA 43862) alphabetical list p.126 gives 1991 code 0013 for the range; 2011 DCH Pt XII-B (NADA 1023) + Admin Atlas Rajasthan 2011 p.113 (NADA 45); LGD villageEntity API 2026-09-25,
motasar,मोटासर,Motasar,acquired,20,Motasar / मोटासर,15,Motasar (inhabited),2/2/15,Motasar,0013,"merged: MAHAJAN FIELD FIRING RANGE (136,411 ha, 0 pop)",00509900,merged: Mahajan Fieldfiring Range,069202,"merged: Mahajan Fieldfiring Range (136,406 ha)",69202,merged: Mahajan Fieldfiring Range,Mahajan (GP 36115),"whole revenue village merged into Mahajan Field Firing Range between 1981 and 1991; no separate code in 1991, 2001, 2011 or LGD",high,1951 DCH Bikaner Pt II (NADA 28566); 1971 DCH Pt X-A&B (NADA 28480); 1981 DCH Pt XIII-A&B (NADA 29013); 1991 PCA Rural Rajasthan (NADA 43577); 2001 DCH Bikaner (NADA 43862) alphabetical list p.126 gives 1991 code 0013 for the range; 2011 DCH Pt XII-B (NADA 1023) + Admin Atlas Rajasthan 2011 p.113 (NADA 45); LGD villageEntity API 2026-09-25,"LGD has ""Naya Motasar / नया मोटासर"" (LGD 960176, Poogal, GP 2 PB 294182, created 2025-03-18); link to old Motasar unproven (low). Another Motasar (069475) exists in Kolayat."
bhunwala,भुंवाला,Bhunwala,acquired,55,Bhunwala / भुनवाला,23,Bhunwala (inhabited),2/2/23,Bhunwala,0013,"merged: MAHAJAN FIELD FIRING RANGE (136,411 ha, 0 pop)",00509900,merged: Mahajan Fieldfiring Range,069202,"merged: Mahajan Fieldfiring Range (136,406 ha)",69202,merged: Mahajan Fieldfiring Range,Mahajan (GP 36115),"whole revenue village merged into Mahajan Field Firing Range between 1981 and 1991; no separate code in 1991, 2001, 2011 or LGD",high,1951 DCH Bikaner Pt II (NADA 28566); 1971 DCH Pt X-A&B (NADA 28480); 1981 DCH Pt XIII-A&B (NADA 29013); 1991 PCA Rural Rajasthan (NADA 43577); 2001 DCH Bikaner (NADA 43862) alphabetical list p.126 gives 1991 code 0013 for the range; 2011 DCH Pt XII-B (NADA 1023) + Admin Atlas Rajasthan 2011 p.113 (NADA 45); LGD villageEntity API 2026-09-25,
chakdo,चकड़ो,Chakdo,acquired,35,Chad Jhod,35,Chak Jor (OCR C'hak .lor; uninhabited),2/2/35,Chak Jor (survives),0016,CHAK JOR (if Chakdo = Chak Jor; survives),00510100,Chak Jor,069204,Chak Jor,69204,Chakjor,Chakjohad (GP 36099),"UNRESOLVED. 1951 code 35 ""Chad Jhod"" = 1971 35 ""Chak Jor"" (uninhabited, 4,889 ac = 1,978 ha) = 1981 2/2/35 Chak Jor (1,978 ha) -> 1991 0016 (2,001 ha) -> 2011 069204 (1,979 ha). Area unchanged, so Chak Jor was NOT acquired. If Chakdo is Chak Jor, it is not a range village.",low,1951 DCH Bikaner Pt II (NADA 28566); 1971 DCH Pt X-A&B (NADA 28480); 1981 DCH Pt XIII-A&B (NADA 29013); 1991 PCA Rural Rajasthan (NADA 43577); 2001 DCH Bikaner (NADA 43862) alphabetical list p.126 gives 1991 code 0013 for the range; 2011 DCH Pt XII-B (NADA 1023) + Admin Atlas Rajasthan 2011 p.113 (NADA 45); LGD villageEntity API 2026-09-25,
dewasar,देवासर,Dewasar,acquired,9,Dewasar / देवासर,6,Dewasar (inhabited),2/2/6,Devasar,0013,"merged: MAHAJAN FIELD FIRING RANGE (136,411 ha, 0 pop)",00509900,merged: Mahajan Fieldfiring Range,069202,"merged: Mahajan Fieldfiring Range (136,406 ha)",69202,merged: Mahajan Fieldfiring Range,Mahajan (GP 36115),"whole revenue village merged into Mahajan Field Firing Range between 1981 and 1991; no separate code in 1991, 2001, 2011 or LGD",high,1951 DCH Bikaner Pt II (NADA 28566); 1971 DCH Pt X-A&B (NADA 28480); 1981 DCH Pt XIII-A&B (NADA 29013); 1991 PCA Rural Rajasthan (NADA 43577); 2001 DCH Bikaner (NADA 43862) alphabetical list p.126 gives 1991 code 0013 for the range; 2011 DCH Pt XII-B (NADA 1023) + Admin Atlas Rajasthan 2011 p.113 (NADA 45); LGD villageEntity API 2026-09-25,"LGD has a new ""Devasar / देवासर"" (LGD 931790, Poogal, GP Siyasar Panchkosa 262172, created 2018-05-31); link unproven (low). A separate Devasar 069111 exists in Bikaner tehsil since 2001."
machhranwali,माच्छरांवाली,Machhranwali,acquired,,,,,,,,,,,,,,,,"UNRESOLVED: no village of this name in Census 1951-1981 lists of Lunkaransar, nor in LGD 2026 (any Bikaner sub-district); probably a dhani/hamlet name inside one of the 32 merged villages",n/a,1951 DCH Bikaner Pt II (NADA 28566); 1971 DCH Pt X-A&B (NADA 28480); 1981 DCH Pt XIII-A&B (NADA 29013); 1991 PCA Rural Rajasthan (NADA 43577); 2001 DCH Bikaner (NADA 43862) alphabetical list p.126 gives 1991 code 0013 for the range; 2011 DCH Pt XII-B (NADA 1023) + Admin Atlas Rajasthan 2011 p.113 (NADA 45); LGD villageEntity API 2026-09-25,
kankraliyo,कंकरालियो,Kankraliyo,acquired,46,Kankralia / कंकरालिया,47,I{ankraliya (inhabited),2/2/47,Kankraliya,0013,"merged: MAHAJAN FIELD FIRING RANGE (136,411 ha, 0 pop)",00509900,merged: Mahajan Fieldfiring Range,069202,"merged: Mahajan Fieldfiring Range (136,406 ha)",69202,merged: Mahajan Fieldfiring Range,Mahajan (GP 36115),"whole revenue village merged into Mahajan Field Firing Range between 1981 and 1991; no separate code in 1991, 2001, 2011 or LGD",high,1951 DCH Bikaner Pt II (NADA 28566); 1971 DCH Pt X-A&B (NADA 28480); 1981 DCH Pt XIII-A&B (NADA 29013); 1991 PCA Rural Rajasthan (NADA 43577); 2001 DCH Bikaner (NADA 43862) alphabetical list p.126 gives 1991 code 0013 for the range; 2011 DCH Pt XII-B (NADA 1023) + Admin Atlas Rajasthan 2011 p.113 (NADA 45); LGD villageEntity API 2026-09-25,
lakhor-chhoti,लखोर छोटी,Lakhor Chhoti,acquired,32,Lakhor Chhoti / लाखोर छोटी,32,Lakhaur Chhoti (inhabited),2/2/32,Lakhor Chhoti,0013,"merged: MAHAJAN FIELD FIRING RANGE (136,411 ha, 0 pop)",00509900,merged: Mahajan Fieldfiring Range,069202,"merged: Mahajan Fieldfiring Range (136,406 ha)",69202,merged: Mahajan Fieldfiring Range,Mahajan (GP 36115),"whole revenue village merged into Mahajan Field Firing Range between 1981 and 1991; no separate code in 1991, 2001, 2011 or LGD",high,1951 DCH Bikaner Pt II (NADA 28566); 1971 DCH Pt X-A&B (NADA 28480); 1981 DCH Pt XIII-A&B (NADA 29013); 1991 PCA Rural Rajasthan (NADA 43577); 2001 DCH Bikaner (NADA 43862) alphabetical list p.126 gives 1991 code 0013 for the range; 2011 DCH Pt XII-B (NADA 1023) + Admin Atlas Rajasthan 2011 p.113 (NADA 45); LGD villageEntity API 2026-09-25,
lakhor-moti,लखोर मोटी,Lakhor Moti,acquired,31,Lakhor Bari / लाखोर बड़ी,31,Lakhaur Bari (inhabited),2/2/31,Lakhor Bari,0013,"merged: MAHAJAN FIELD FIRING RANGE (136,411 ha, 0 pop)",00509900,merged: Mahajan Fieldfiring Range,069202,"merged: Mahajan Fieldfiring Range (136,406 ha)",69202,merged: Mahajan Fieldfiring Range,Mahajan (GP 36115),"whole revenue village merged into Mahajan Field Firing Range between 1981 and 1991; no separate code in 1991, 2001, 2011 or LGD",high,1951 DCH Bikaner Pt II (NADA 28566); 1971 DCH Pt X-A&B (NADA 28480); 1981 DCH Pt XIII-A&B (NADA 29013); 1991 PCA Rural Rajasthan (NADA 43577); 2001 DCH Bikaner (NADA 43862) alphabetical list p.126 gives 1991 code 0013 for the range; 2011 DCH Pt XII-B (NADA 1023) + Admin Atlas Rajasthan 2011 p.113 (NADA 45); LGD villageEntity API 2026-09-25,
jagor,जागोर,Jagor,acquired,8,Jagore / जागोर,27,Jagor (inhabited),2/2/27,Jagor,0013,"merged: MAHAJAN FIELD FIRING RANGE (136,411 ha, 0 pop)",00509900,merged: Mahajan Fieldfiring Range,069202,"merged: Mahajan Fieldfiring Range (136,406 ha)",69202,merged: Mahajan Fieldfiring Range,Mahajan (GP 36115),"whole revenue village merged into Mahajan Field Firing Range between 1981 and 1991; no separate code in 1991, 2001, 2011 or LGD",high,1951 DCH Bikaner Pt II (NADA 28566); 1971 DCH Pt X-A&B (NADA 28480); 1981 DCH Pt XIII-A&B (NADA 29013); 1991 PCA Rural Rajasthan (NADA 43577); 2001 DCH Bikaner (NADA 43862) alphabetical list p.126 gives 1991 code 0013 for the range; 2011 DCH Pt XII-B (NADA 1023) + Admin Atlas Rajasthan 2011 p.113 (NADA 45); LGD villageEntity API 2026-09-25,1981: post office.
rampura,रामपुरा,Rampura,acquired,33,Rampura / रामपुरा,33,Rampura (inhabited),2/2/33,Rampura,0013,"merged: MAHAJAN FIELD FIRING RANGE (136,411 ha, 0 pop)",00509900,merged: Mahajan Fieldfiring Range,069202,"merged: Mahajan Fieldfiring Range (136,406 ha)",69202,merged: Mahajan Fieldfiring Range,Mahajan (GP 36115),"whole revenue village merged into Mahajan Field Firing Range between 1981 and 1991; no separate code in 1991, 2001, 2011 or LGD",high,1951 DCH Bikaner Pt II (NADA 28566); 1971 DCH Pt X-A&B (NADA 28480); 1981 DCH Pt XIII-A&B (NADA 29013); 1991 PCA Rural Rajasthan (NADA 43577); 2001 DCH Bikaner (NADA 43862) alphabetical list p.126 gives 1991 code 0013 for the range; 2011 DCH Pt XII-B (NADA 1023) + Admin Atlas Rajasthan 2011 p.113 (NADA 45); LGD villageEntity API 2026-09-25,
duderiya,दुदेरिया,Duderiya,acquired,39,Duderia / दुदेरिया,44,Dooderiya (inhabited),2/2/44,Dooderiya,0013,"merged: MAHAJAN FIELD FIRING RANGE (136,411 ha, 0 pop)",00509900,merged: Mahajan Fieldfiring Range,069202,"merged: Mahajan Fieldfiring Range (136,406 ha)",69202,merged: Mahajan Fieldfiring Range,Mahajan (GP 36115),"whole revenue village merged into Mahajan Field Firing Range between 1981 and 1991; no separate code in 1991, 2001, 2011 or LGD",high,1951 DCH Bikaner Pt II (NADA 28566); 1971 DCH Pt X-A&B (NADA 28480); 1981 DCH Pt XIII-A&B (NADA 29013); 1991 PCA Rural Rajasthan (NADA 43577); 2001 DCH Bikaner (NADA 43862) alphabetical list p.126 gives 1991 code 0013 for the range; 2011 DCH Pt XII-B (NADA 1023) + Admin Atlas Rajasthan 2011 p.113 (NADA 45); LGD villageEntity API 2026-09-25,
hathusar,हाथूसर,Hathusar,acquired,7,Hathusar / हाथुसर,28,Hathoosar (inhabited),2/2/28,Hathoosar,0013,"merged: MAHAJAN FIELD FIRING RANGE (136,411 ha, 0 pop)",00509900,merged: Mahajan Fieldfiring Range,069202,"merged: Mahajan Fieldfiring Range (136,406 ha)",69202,merged: Mahajan Fieldfiring Range,Mahajan (GP 36115),"whole revenue village merged into Mahajan Field Firing Range between 1981 and 1991; no separate code in 1991, 2001, 2011 or LGD",high,1951 DCH Bikaner Pt II (NADA 28566); 1971 DCH Pt X-A&B (NADA 28480); 1981 DCH Pt XIII-A&B (NADA 29013); 1991 PCA Rural Rajasthan (NADA 43577); 2001 DCH Bikaner (NADA 43862) alphabetical list p.126 gives 1991 code 0013 for the range; 2011 DCH Pt XII-B (NADA 1023) + Admin Atlas Rajasthan 2011 p.113 (NADA 45); LGD villageEntity API 2026-09-25,
hindor,हिन्दोर,Hindor,acquired,30,Hindor / हिन्दोर,30,Hindor (inhabited),2/2/30,Hindor,0013,"merged: MAHAJAN FIELD FIRING RANGE (136,411 ha, 0 pop)",00509900,merged: Mahajan Fieldfiring Range,069202,"merged: Mahajan Fieldfiring Range (136,406 ha)",69202,merged: Mahajan Fieldfiring Range,Mahajan (GP 36115),"whole revenue village merged into Mahajan Field Firing Range between 1981 and 1991; no separate code in 1991, 2001, 2011 or LGD",high,1951 DCH Bikaner Pt II (NADA 28566); 1971 DCH Pt X-A&B (NADA 28480); 1981 DCH Pt XIII-A&B (NADA 29013); 1991 PCA Rural Rajasthan (NADA 43577); 2001 DCH Bikaner (NADA 43862) alphabetical list p.126 gives 1991 code 0013 for the range; 2011 DCH Pt XII-B (NADA 1023) + Admin Atlas Rajasthan 2011 p.113 (NADA 45); LGD villageEntity API 2026-09-25,"A Hindor 067098 exists in Suratgarh (Ganganagar), present since 2001 code 00300200; no evidence of link."
tidasar,टिडासर,Tidasar,acquired,,,,,,,,,,,,,,,,"UNRESOLVED: no village of this name in Census 1951-1981 lists of Lunkaransar, nor in LGD 2026 (any Bikaner sub-district); probably a dhani/hamlet name inside one of the 32 merged villages",n/a,1951 DCH Bikaner Pt II (NADA 28566); 1971 DCH Pt X-A&B (NADA 28480); 1981 DCH Pt XIII-A&B (NADA 29013); 1991 PCA Rural Rajasthan (NADA 43577); 2001 DCH Bikaner (NADA 43862) alphabetical list p.126 gives 1991 code 0013 for the range; 2011 DCH Pt XII-B (NADA 1023) + Admin Atlas Rajasthan 2011 p.113 (NADA 45); LGD villageEntity API 2026-09-25,
birmana,बिरमाणा,Birmana,acquired_partial,71,Birmana / बीरमाना,80,Beermana (inhabited),2/2/80,Beermana,(none),ABSENT from 1991 list (no row anywhere in Rajasthan),00513700,Beermana (2001 DCH gives no 1991 code),069240,Beermana,69240,Birmana,Khokhrana (GP 36111),"survives; area 1,639 ha (1971/1981) -> 1,542 ha (2001/2011): about 97 ha less, consistent with a small strip going to the range",medium (area arithmetic),1951 DCH Bikaner Pt II (NADA 28566); 1971 DCH Pt X-A&B (NADA 28480); 1981 DCH Pt XIII-A&B (NADA 29013); 1991 PCA Rural Rajasthan (NADA 43577); 2001 DCH Bikaner (NADA 43862) alphabetical list p.126 gives 1991 code 0013 for the range; 2011 DCH Pt XII-B (NADA 1023) + Admin Atlas Rajasthan 2011 p.113 (NADA 45); LGD villageEntity API 2026-09-25,
likhmisar,लिखमीसर,Likhmisar,acquired,29,Lakhmi Narainsar / लखमीनारायनसर,42,Likhmisar (inhabited),2/2/42,Likhmisar,0013,"merged: MAHAJAN FIELD FIRING RANGE (136,411 ha, 0 pop)",00509900,merged: Mahajan Fieldfiring Range,069202,"merged: Mahajan Fieldfiring Range (136,406 ha)",69202,merged: Mahajan Fieldfiring Range,Mahajan (GP 36115),"whole revenue village merged into Mahajan Field Firing Range between 1981 and 1991; no separate code in 1991, 2001, 2011 or LGD",high,1951 DCH Bikaner Pt II (NADA 28566); 1971 DCH Pt X-A&B (NADA 28480); 1981 DCH Pt XIII-A&B (NADA 29013); 1991 PCA Rural Rajasthan (NADA 43577); 2001 DCH Bikaner (NADA 43862) alphabetical list p.126 gives 1991 code 0013 for the range; 2011 DCH Pt XII-B (NADA 1023) + Admin Atlas Rajasthan 2011 p.113 (NADA 45); LGD villageEntity API 2026-09-25,"A Likhmisar 065214 exists in Raisinghnagar (Ganganagar), 2001 code 00112400; no evidence of link."
kumbhasar,कुम्भासर,Kumbhasar,acquired,37,Khumbhasar / कुम्भासर,43,Kumbhasar (inhabited),2/2/43,Kumbhasar,0013,"merged: MAHAJAN FIELD FIRING RANGE (136,411 ha, 0 pop)",00509900,merged: Mahajan Fieldfiring Range,069202,"merged: Mahajan Fieldfiring Range (136,406 ha)",69202,merged: Mahajan Fieldfiring Range,Mahajan (GP 36115),"whole revenue village merged into Mahajan Field Firing Range between 1981 and 1991; no separate code in 1991, 2001, 2011 or LGD",high,1951 DCH Bikaner Pt II (NADA 28566); 1971 DCH Pt X-A&B (NADA 28480); 1981 DCH Pt XIII-A&B (NADA 29013); 1991 PCA Rural Rajasthan (NADA 43577); 2001 DCH Bikaner (NADA 43862) alphabetical list p.126 gives 1991 code 0013 for the range; 2011 DCH Pt XII-B (NADA 1023) + Admin Atlas Rajasthan 2011 p.113 (NADA 45); LGD villageEntity API 2026-09-25,Different Kumbhasar 069630 exists in Nokha; not this village.
kachrana,कचराणा,Kachrana,acquired,,,,,,,,,,,,,,,,"UNRESOLVED: no village of this name in Census 1951-1981 lists of Lunkaransar, nor in LGD 2026 (any Bikaner sub-district); probably a dhani/hamlet name inside one of the 32 merged villages",n/a,1951 DCH Bikaner Pt II (NADA 28566); 1971 DCH Pt X-A&B (NADA 28480); 1981 DCH Pt XIII-A&B (NADA 29013); 1991 PCA Rural Rajasthan (NADA 43577); 2001 DCH Bikaner (NADA 43862) alphabetical list p.126 gives 1991 code 0013 for the range; 2011 DCH Pt XII-B (NADA 1023) + Admin Atlas Rajasthan 2011 p.113 (NADA 45); LGD villageEntity API 2026-09-25,
raimalwali,रायमलवाली,Raimalwali,acquired,21,Raimalwali / रायमल वाली,16,Raimalwali @ Reeoa (inhabited),2/2/16,Raimalwali @ Reena,0013,"merged: MAHAJAN FIELD FIRING RANGE (136,411 ha, 0 pop)",00509900,merged: Mahajan Fieldfiring Range,069202,"merged: Mahajan Fieldfiring Range (136,406 ha)",69202,merged: Mahajan Fieldfiring Range,Mahajan (GP 36115),"whole revenue village merged into Mahajan Field Firing Range between 1981 and 1991; no separate code in 1991, 2001, 2011 or LGD",high,1951 DCH Bikaner Pt II (NADA 28566); 1971 DCH Pt X-A&B (NADA 28480); 1981 DCH Pt XIII-A&B (NADA 29013); 1991 PCA Rural Rajasthan (NADA 43577); 2001 DCH Bikaner (NADA 43862) alphabetical list p.126 gives 1991 code 0013 for the range; 2011 DCH Pt XII-B (NADA 1023) + Admin Atlas Rajasthan 2011 p.113 (NADA 45); LGD villageEntity API 2026-09-25,
nakrasar,नाकरासर,Nakrasar,acquired,28,Nakrasar / नाकरासर,46,Nakrasar (inhabited),2/2/46,Nakrasar,0013,"merged: MAHAJAN FIELD FIRING RANGE (136,411 ha, 0 pop)",00509900,merged: Mahajan Fieldfiring Range,069202,"merged: Mahajan Fieldfiring Range (136,406 ha)",69202,merged: Mahajan Fieldfiring Range,Mahajan (GP 36115),"whole revenue village merged into Mahajan Field Firing Range between 1981 and 1991; no separate code in 1991, 2001, 2011 or LGD",high,1951 DCH Bikaner Pt II (NADA 28566); 1971 DCH Pt X-A&B (NADA 28480); 1981 DCH Pt XIII-A&B (NADA 29013); 1991 PCA Rural Rajasthan (NADA 43577); 2001 DCH Bikaner (NADA 43862) alphabetical list p.126 gives 1991 code 0013 for the range; 2011 DCH Pt XII-B (NADA 1023) + Admin Atlas Rajasthan 2011 p.113 (NADA 45); LGD villageEntity API 2026-09-25,
jagatsinghpura,जगतसिंहपुरा,Jagatsinghpura,acquired,40 (unpopulated),Jagat Singhpura,40,Jagatsinghpura (inhabited),2/2/40,Jagatsinghpura,0013,"merged: MAHAJAN FIELD FIRING RANGE (136,411 ha, 0 pop)",00509900,merged: Mahajan Fieldfiring Range,069202,"merged: Mahajan Fieldfiring Range (136,406 ha)",69202,merged: Mahajan Fieldfiring Range,Mahajan (GP 36115),"whole revenue village merged into Mahajan Field Firing Range between 1981 and 1991; no separate code in 1991, 2001, 2011 or LGD",high,1951 DCH Bikaner Pt II (NADA 28566); 1971 DCH Pt X-A&B (NADA 28480); 1981 DCH Pt XIII-A&B (NADA 29013); 1991 PCA Rural Rajasthan (NADA 43577); 2001 DCH Bikaner (NADA 43862) alphabetical list p.126 gives 1991 code 0013 for the range; 2011 DCH Pt XII-B (NADA 1023) + Admin Atlas Rajasthan 2011 p.113 (NADA 45); LGD villageEntity API 2026-09-25,
phuleji (not in project list),फूलेजी,Phooleji / Phuleji,proposed_then_excluded,34,"Phuleji / फलेजी (7,519 ac, 231 persons)",34,"Phooleji (7,519 ac = 3,043 ha)",2/2/34,"Phooleji (3,025 ha, 811 persons)",0015,"PHOOLEJI (1,946.6 ha)",00510000,"Phooleji (area printed 3,046 ha)",069203,"Phooleji (1,945.87 ha)",69203,Phuleji,Chakjohad (GP 36099),"Lok Sabha USQ 9267 (7 May 1986): Government first meant to acquire 34 villages but decided to exclude Phuleji. Census area fell by about 1,078 ha between 1981 and 1991 (3,025 -> 1,946.6 ha; 2011: 1,945.87 ha), so part of its land appears to have gone into the range anyway.",medium,1951 DCH Bikaner Pt II (NADA 28566); 1971 DCH Pt X-A&B (NADA 28480); 1981 DCH Pt XIII-A&B (NADA 29013); 1991 PCA Rural Rajasthan (NADA 43577); 2001 DCH Bikaner (NADA 43862) alphabetical list p.126 gives 1991 code 0013 for the range; 2011 DCH Pt XII-B (NADA 1023) + Admin Atlas Rajasthan 2011 p.113 (NADA 45); LGD villageEntity API 2026-09-25; research/leads/files/legal/LS_1986-05-07_USQ9267_Land_Acquisition_FFR_Bikaner_Phuleji.pdf,"Area check: 32 merged entries (135,171 ha, 1981) + Phooleji loss (1,078.4) + Birmana loss (97) = 136,346 ha vs range 136,411 ha (1991) / 136,406 ha (2011): difference about 60-65 ha (0.05%)."
