row_type,place_id,name_hi,name_en,place_kind,confidence,linked_old_villages,evidence,evidence_urls,census2011_code,lgd_village_code,subdistrict_lgd_2026,block_lgd_2026,gram_panchayat_lgd,gp_lgd_code,lgd_name,lgd_effective_date,source_lgd,census2011_name,tehsil_2011,population_2011,households_2011,avg_hh_size,sc_pct,st_pct,sex_ratio_f_per_1000m,child_0_6_pct,literacy_pct_total,literacy_pct_male,literacy_pct_female,main_workers,marginal_workers,work_participation_pct,main_share_of_workers_pct,female_work_participation_pct,cultivators_pct_of_main,agri_labourers_pct_of_main,other_workers_pct_of_main,source_pca,area_ha,vd_school_primary,vd_school_middle,vd_school_secondary,vd_school_sr_secondary,vd_college_arts_sci_com,vd_iti_vocational,vd_chc,vd_phc,vd_phs_subcentre,vd_dispensary,vd_veterinary_hospital,vd_water_tap,vd_water_handpump,vd_water_tubewell,vd_water_canal,vd_water_tank_pond,vd_post_office,vd_mobile_coverage,vd_bus_service,vd_road_state_highway,vd_road_major_district,vd_road_pucca,vd_bank,vd_atm,vd_agri_credit_society,vd_shg,vd_pds_shop,vd_mandi,vd_weekly_haat,vd_anganwadi,vd_asha,vd_public_library,vd_power_domestic,vd_power_agri,vd_nearest_town,vd_nearest_town_distance_code,vd_net_sown_ha,vd_irrigated_ha,vd_canal_irrigated_ha,vd_culturable_waste_ha,source_vd,tehsil_rural_literacy_pct_male,tehsil_rural_literacy_pct_female,tehsil_rural_sc_pct,tehsil_rural_main_share_of_workers_pct,tehsil_rural_cultivators_pct_of_main,tehsil_share_villages_school_sr_secondary,tehsil_share_villages_phc,tehsil_share_villages_water_tap,tehsil_share_villages_road_pucca,tehsil_share_villages_bank
place,ramnagar,रामनगर,Ram Nagar,new_abadi_govt,high,(not named in sources),"One of three new villages for MFFR displaced (Standing Committee on Defence 13th report 2006, para 3.67; ATR 24th report 2008); new abadi of displaced (RLA USQ 16, 24-03-1995); 80-90 km from Lunkaransar (RLA 25-03-1992); 2001 DCH: new since 1991",https://archive.org/details/eparlib.nic.in.62680 ; https://archive.org/details/rajasthanlegislature.assembly10.session4.24-03-1995 ; https://archive.org/details/rajasthanlegislature.assembly9.session6.25-03-1992,069794,69794,Chhatargarh,Poogal,Ram Nagar,294060,Ramnagar,2023-10-07,"https://lgdirectory.gov.in/webservices/lgdws/villageHierarachyDetails?villageCode=69794 (POST, retrieved 2026-09-26)",Ramnagar,Chhatargarh,1845,260,7.1,22.5,0.0,875,16.0,60.9,71.5,49.0,876,84,52.0,91.2,51.7,85.7,1.6,12.6,"Census 2011 PCA town/village (NADA catalog 6292, DDW_PCA0803_2011_MDDS with UI.xlsx) https://censusindia.gov.in/nada/index.php/catalog/6292",7610,2,2,2,1,c,c,c,c,1,c,c,Yes,No,No,No,No,c,Yes,Yes,c,c,c,c,c,c,c,Yes,c,c,Yes,Yes,c,Yes,No,BIKANER,c,3587,0,0,181,"Census 2011 DCHB Bikaner Village Directory, Appendix_VD_0803.xls (NADA catalog 1022/1023; amenities as in 2009) https://censusindia.gov.in/nada/index.php/catalog/1023",63.2,40.4,28.7,71.2,69.6,8% of 64 villages,5% of 64 villages,42% of 64 villages,20% of 64 villages,12% of 64 villages
place,krishan_nagar,कृष्णनगर,Krishna Nagar / Krishan Nagar,new_abadi_govt,high,Dhatarwal villages (Jatland list),"Three new villages (SCoD 2006, ATR 2008); new abadi (RLA 1995); 80-90 km (RLA 1992); Jatland Dhatarwal page lists Krishnanagar",https://archive.org/details/eparlib.nic.in.62680 ; https://archive.org/details/rajasthanlegislature.assembly10.session4.24-03-1995 ; https://www.jatland.com/home/Dhatarwal,069788,69788,Chhatargarh,Poogal,Krishan Nagar,262280,Krishan Nagar,2023-10-07,"https://lgdirectory.gov.in/webservices/lgdws/villageHierarachyDetails?villageCode=69788 (POST, retrieved 2026-09-26)",Krishan Nagar,Chhatargarh,1450,223,6.5,33.4,0.6,898,16.6,59.7,70.0,48.2,343,552,61.7,38.3,62.2,87.8,0.0,12.0,"Census 2011 PCA town/village (NADA catalog 6292, DDW_PCA0803_2011_MDDS with UI.xlsx) https://censusindia.gov.in/nada/index.php/catalog/6292",6349,2,2,c,c,c,c,c,c,c,c,c,Yes,No,Yes,Yes,Yes,c,Yes,c,c,c,c,c,c,c,c,Yes,c,c,Yes,Yes,c,Yes,Yes,BIKANER,c,1890,64.8,64.8,831,"Census 2011 DCHB Bikaner Village Directory, Appendix_VD_0803.xls (NADA catalog 1022/1023; amenities as in 2009) https://censusindia.gov.in/nada/index.php/catalog/1023",63.2,40.4,28.7,71.2,69.6,8% of 64 villages,5% of 64 villages,42% of 64 villages,20% of 64 villages,12% of 64 villages
place,kumbhana_baas,कुम्भाणा बास,Kumbhan bass / Kumbhana Baas,new_abadi_govt,unresolved,Kumbhana,Third new village named by MoD (SCoD 2006; ATR 2008 'Kumbhana Baas'); no census or LGD entity with this name; 2025 Rajasthan Gazette lists 'sa. Kumbhana MFFR khatedar' holding land in chak 8 DL (Chhatargarh area),https://archive.org/details/eparlib.nic.in.62680 ; https://archive.org/details/in.gazette.rajasthan_extraordinary.2025-12-23.5116939,,,,,,,,,,,,,,,,,,,,,,,,,,,,,,,,,,,,,,,,,,,,,,,,,,,,,,,,,,,,,,,,,,,,,,,,,,,,,,,,,,
place,samarda_nosera,सामरदा (नोसेरा),Samarda / Samratha (GP Nosera Samrda); chak 15 KJD,new_abadi_govt,medium,Dhatarwal villages (Jatland 'Samartha'); HC 2025 batch,"RLA 1995: new abadi 'Samarda', a panchayat HQ (1971 pop 105); LGD GP 36042 'Nosera Samrda'; LGD sub-village 'Nosera-15 KJD' = chak 15 KJD of HC 19-02-2025 petitioners (some are later buyers)",https://archive.org/details/rajasthanlegislature.assembly10.session4.24-03-1995 ; https://indiankanoon.org/doc/150464229/ ; https://www.jatland.com/home/Dhatarwal,069762,69762,Khajuwala,Khajuwala,Nosera Samrda,36042,Nosera,2025-05-20,"https://lgdirectory.gov.in/webservices/lgdws/villageHierarachyDetails?villageCode=69762 (POST, retrieved 2026-09-26)",Nosera,Khajuwala,4489,773,5.81,13.5,0.1,918,16.7,55.1,66.1,43.2,2119,293,53.7,87.9,52.9,72.7,5.9,18.5,"Census 2011 PCA town/village (NADA catalog 6292, DDW_PCA0803_2011_MDDS with UI.xlsx) https://censusindia.gov.in/nada/index.php/catalog/6292",18708.9,2,1,1,b,b,b,b,b,1,1,b,Yes,Yes,Yes,Yes,Yes,b,Yes,Yes,b,Yes,Yes,Yes,Yes,Yes,Yes,Yes,Yes,b,Yes,Yes,b,Yes,No,BIKANER,c,1459,1149.5,1149.5,8303,"Census 2011 DCHB Bikaner Village Directory, Appendix_VD_0803.xls (NADA catalog 1022/1023; amenities as in 2009) https://censusindia.gov.in/nada/index.php/catalog/1023",73.9,50.1,33.2,80.4,69.2,4% of 54 villages,6% of 54 villages,41% of 54 villages,24% of 54 villages,13% of 54 villages
place,chak_34_kyd,चक 34 केवाईडी,Chak 34 KYD,new_abadi_govt,high,(not named),RLA 1995: new abadi of displaced and panchayat HQ; Krishi Upaj Mandi Bikaner sanctioned a bitumen road to it,https://archive.org/details/rajasthanlegislature.assembly10.session4.24-03-1995,069729,69729,Khajuwala,Khajuwala,34 Kyd,36001,34 Kyd,2025-05-20,"https://lgdirectory.gov.in/webservices/lgdws/villageHierarachyDetails?villageCode=69729 (POST, retrieved 2026-09-26)",34 Kyd,Khajuwala,1595,227,7.03,27.2,0.1,943,19.1,70.4,84.2,54.7,698,7,44.2,99.0,36.2,73.6,20.6,5.7,"Census 2011 PCA town/village (NADA catalog 6292, DDW_PCA0803_2011_MDDS with UI.xlsx) https://censusindia.gov.in/nada/index.php/catalog/6292",5123,2,1,1,c,c,c,c,c,c,c,c,Yes,Yes,Yes,Yes,Yes,c,Yes,Yes,c,c,Yes,c,c,c,c,Yes,c,c,Yes,Yes,c,Yes,No,BIKANER,c,521,347,347,2172,"Census 2011 DCHB Bikaner Village Directory, Appendix_VD_0803.xls (NADA catalog 1022/1023; amenities as in 2009) https://censusindia.gov.in/nada/index.php/catalog/1023",73.9,50.1,33.2,80.4,69.2,4% of 54 villages,6% of 54 villages,41% of 54 villages,24% of 54 villages,13% of 54 villages
place,naya_khanisar,नया खानीसर,Naya Khanisar,lgd_new_village,medium,Khanisar,LGD village created 26-08-2013 in GP Chakjohad (range edge); Army East Camp list 2025 names 'Naya Khanisar' (Bhaskar 16-11-2025),https://lgdirectory.gov.in/ ; research/leads/files/news_academic/bhaskar_2025-11-16_sena-sarpanchon-ko-patra.txt,,925986,Lunkaransar,Lunkaransar,Chakjohad,36099,Naya Khanisar,2013-08-26,"https://lgdirectory.gov.in/webservices/lgdws/villageHierarachyDetails?villageCode=925986 (POST, retrieved 2026-09-26)",,,,,,,,,,,,,,,,,,,,,,,,,,,,,,,,,,,,,,,,,,,,,,,,,,,,,,,,,,,,,,,,,,,,,,,,,
place,sansardesar,संसारदेसर,Sansardesar,community_named,medium,Dhatarwal villages (Jatland),Jatland Dhatarwal page: displaced of 9 Dhatarwal villages settled in IGNP villages incl. Sansardesar,https://www.jatland.com/home/Dhatarwal,069807,69807,Chhatargarh,Khajuwala,Sansardesar,36125,Sansardesar,2025-05-20,"https://lgdirectory.gov.in/webservices/lgdws/villageHierarachyDetails?villageCode=69807 (POST, retrieved 2026-09-26)",Sansardesar,Chhatargarh,2069,364,5.68,9.9,0.0,891,16.6,63.7,77.0,48.8,1073,239,63.4,81.8,62.6,77.6,7.1,15.3,"Census 2011 PCA town/village (NADA catalog 6292, DDW_PCA0803_2011_MDDS with UI.xlsx) https://censusindia.gov.in/nada/index.php/catalog/6292",3953,2,2,1,c,c,c,c,c,a,c,c,Yes,Yes,Yes,Yes,Yes,c,Yes,c,c,c,Yes,c,c,c,a,Yes,Yes,c,Yes,Yes,c,Yes,Yes,BIKANER,c,1985,1816.5,1816.5,629,"Census 2011 DCHB Bikaner Village Directory, Appendix_VD_0803.xls (NADA catalog 1022/1023; amenities as in 2009) https://censusindia.gov.in/nada/index.php/catalog/1023",63.2,40.4,28.7,71.2,69.6,8% of 64 villages,5% of 64 villages,42% of 64 villages,20% of 64 villages,12% of 64 villages
place,bas_karnisar,बास करणीसर,Karnisar (census: 'Baskar Nisar' = Bas Karnisar),community_named,medium,Dhatarwal villages (Jatland),"Jatland lists 'Karnisar' among IGNP resettlement villages; Chhatargarh has Bas Karnisar (069804, GP Mahadevwali) next to Sansardesar; alternatives Karnisar 069354 (Bajju) and Bas Karnisar 069335 (Lunkaransar) not excluded",https://www.jatland.com/home/Dhatarwal,069804,69804,Chhatargarh,Poogal,Mahadevwali,36114,Bas Karnisar,2023-10-07,"https://lgdirectory.gov.in/webservices/lgdws/villageHierarachyDetails?villageCode=69804 (POST, retrieved 2026-09-26)",Baskar Nisar,Chhatargarh,1328,232,5.72,27.2,0.0,868,19.0,45.0,53.8,34.6,461,228,51.9,66.9,49.9,72.0,18.0,9.3,"Census 2011 PCA town/village (NADA catalog 6292, DDW_PCA0803_2011_MDDS with UI.xlsx) https://censusindia.gov.in/nada/index.php/catalog/6292",2364,1,1,b,c,c,c,c,c,c,c,c,No,No,No,No,Yes,c,Yes,Yes,c,c,b,c,c,c,c,Yes,c,c,Yes,Yes,c,Yes,No,BIKANER,c,1410,0,0,829,"Census 2011 DCHB Bikaner Village Directory, Appendix_VD_0803.xls (NADA catalog 1022/1023; amenities as in 2009) https://censusindia.gov.in/nada/index.php/catalog/1023",63.2,40.4,28.7,71.2,69.6,8% of 64 villages,5% of 64 villages,42% of 64 villages,20% of 64 villages,12% of 64 villages
place,takhatpura,तख्तपुरा,Takhtpura / Takhatpura,community_named,medium-high,Dhatarwal villages (Jatland),"Jatland list; RLA 25-03-1992 names Takhtpura, Kharbara, Krishna Nagar, Ramnagar as villages 80-90 km from Lunkaransar across the range",https://www.jatland.com/home/Dhatarwal ; https://archive.org/details/rajasthanlegislature.assembly9.session6.25-03-1992,069784,69784,Chhatargarh,Poogal,Takhatpura 4tm,36130,Takhatpura,2025-05-20,"https://lgdirectory.gov.in/webservices/lgdws/villageHierarachyDetails?villageCode=69784 (POST, retrieved 2026-09-26)",Takhatpura,Chhatargarh,1616,245,6.6,34.6,0.3,917,15.5,65.8,76.3,54.5,530,167,43.1,76.0,30.9,78.5,6.4,14.9,"Census 2011 PCA town/village (NADA catalog 6292, DDW_PCA0803_2011_MDDS with UI.xlsx) https://censusindia.gov.in/nada/index.php/catalog/6292",2185,2,1,1,c,c,c,c,c,c,c,c,No,Yes,Yes,Yes,Yes,c,Yes,Yes,c,b,Yes,c,c,Yes,c,Yes,c,c,Yes,Yes,c,Yes,Yes,BIKANER,c,415,122.2,122.2,330,"Census 2011 DCHB Bikaner Village Directory, Appendix_VD_0803.xls (NADA catalog 1022/1023; amenities as in 2009) https://censusindia.gov.in/nada/index.php/catalog/1023",63.2,40.4,28.7,71.2,69.6,8% of 64 villages,5% of 64 villages,42% of 64 villages,20% of 64 villages,12% of 64 villages
place,kharbara,खारबारा,Kharbara (incl. chak 3 KPM),court_chak,medium-high,(HC 2016 petitioner),"RLA 1992 (with Takhtpura, Krishna Nagar, Ramnagar); HC 22-09-2016 Heera Ram: MFFR allotment in chak 3 KPM on 5-9-1987; LGD sub-village 'Kharbara-3 KPM'",https://archive.org/details/rajasthanlegislature.assembly9.session6.25-03-1992 ; https://indiankanoon.org/doc/174785904/,069789,69789,Chhatargarh,Poogal,Kharbara 3 DL,36109,Kharbara,2025-05-20,"https://lgdirectory.gov.in/webservices/lgdws/villageHierarachyDetails?villageCode=69789 (POST, retrieved 2026-09-26)",Kharbara,Chhatargarh,2296,392,5.86,47.7,0.1,876,16.6,55.0,68.6,39.6,846,264,48.3,76.2,42.9,62.9,24.8,12.2,"Census 2011 PCA town/village (NADA catalog 6292, DDW_PCA0803_2011_MDDS with UI.xlsx) https://censusindia.gov.in/nada/index.php/catalog/6292",2209,2,2,2,c,c,c,c,c,1,c,1,Yes,Yes,Yes,Yes,No,c,Yes,Yes,c,c,Yes,Yes,c,Yes,c,Yes,Yes,c,Yes,Yes,c,Yes,Yes,BIKANER,c,569,195.1,195.1,115,"Census 2011 DCHB Bikaner Village Directory, Appendix_VD_0803.xls (NADA catalog 1022/1023; amenities as in 2009) https://censusindia.gov.in/nada/index.php/catalog/1023",63.2,40.4,28.7,71.2,69.6,8% of 64 villages,5% of 64 villages,42% of 64 villages,20% of 64 villages,12% of 64 villages
place,warani,वारानी,Warani / Varani,community_named,unresolved,Dhatarwal villages (Jatland),"Named only in Jatland; no match in Census 2011 Bikaner or LGD Rajasthan (52,591 villages searched 26-09-2026)",https://www.jatland.com/home/Dhatarwal,,,,,,,,,,,,,,,,,,,,,,,,,,,,,,,,,,,,,,,,,,,,,,,,,,,,,,,,,,,,,,,,,,,,,,,,,,,,,,,,,,
place,nathusar_bas,नाथूसर बास,Nathusar Bas,community_named,unresolved,Dhatarwal villages (Jatland),"Named only in Jatland; nearest candidate Nathusar 069333 (Lunkaransar, GP Ranwasar) is not an IGNP colony village; unproven",https://www.jatland.com/home/Dhatarwal,,,,,,,,,,,,,,,,,,,,,,,,,,,,,,,,,,,,,,,,,,,,,,,,,,,,,,,,,,,,,,,,,,,,,,,,,,,,,,,,,,
place,lakhansar_1rsm,लाखनसर (चक 1 आरएसएम),Chak 1 RSM (Lakhansar),court_chak,medium,(HC 2025 petitioners),"HC 19-02-2025 batch: petitioners of Chak 1 RSM, Tehsil Chhatargarh, allotted in 1987; LGD sub-village 'Lakhnasar - 1 RSM' in GP Krishan Nagar",https://indiankanoon.org/doc/150464229/,069793,69793,Chhatargarh,Poogal,Krishan Nagar,262280,Lakhansar,2025-05-20,"https://lgdirectory.gov.in/webservices/lgdws/villageHierarachyDetails?villageCode=69793 (POST, retrieved 2026-09-26)",Lakhansar,Chhatargarh,854,131,6.52,9.1,0.6,877,15.7,40.7,52.0,28.5,470,18,57.1,96.3,59.6,53.8,26.6,19.4,"Census 2011 PCA town/village (NADA catalog 6292, DDW_PCA0803_2011_MDDS with UI.xlsx) https://censusindia.gov.in/nada/index.php/catalog/6292",1669,1,a,a,a,c,c,c,a,a,a,a,No,No,Yes,Yes,No,c,Yes,Yes,c,c,b,a,c,a,a,b,a,b,Yes,Yes,c,Yes,Yes,BIKANER,c,946,86,86,79,"Census 2011 DCHB Bikaner Village Directory, Appendix_VD_0803.xls (NADA catalog 1022/1023; amenities as in 2009) https://censusindia.gov.in/nada/index.php/catalog/1023",63.2,40.4,28.7,71.2,69.6,8% of 64 villages,5% of 64 villages,42% of 64 villages,20% of 64 villages,12% of 64 villages
place,sjm_5,चक 5 एसजेएम (6 SJM A),Chak 5 SJM,court_chak,medium,(HC 2025 petitioners),"HC 19-02-2025 batch (Khajuwala; some petitioners are later buyers); LGD sub-village '6 SJM A - 5 SJM', GP Kundal",https://indiankanoon.org/doc/150464229/,069147,69147,Khajuwala,Khajuwala,Kundal,36032,6 Sjm(A),2025-05-20,"https://lgdirectory.gov.in/webservices/lgdws/villageHierarachyDetails?villageCode=69147 (POST, retrieved 2026-09-26)",6 Sjm(A),Poogal,337,56,6.02,45.1,0.0,904,13.6,59.8,72.3,45.6,89,96,54.9,48.1,58.1,94.4,1.1,4.5,"Census 2011 PCA town/village (NADA catalog 6292, DDW_PCA0803_2011_MDDS with UI.xlsx) https://censusindia.gov.in/nada/index.php/catalog/6292",328.8,b,b,c,c,c,c,c,c,b,c,c,No,Yes,No,Yes,No,b,Yes,c,c,c,b,c,c,c,c,b,c,c,Yes,Yes,b,Yes,Yes,BIKANER,c,80,54.6,54.6,131,"Census 2011 DCHB Bikaner Village Directory, Appendix_VD_0803.xls (NADA catalog 1022/1023; amenities as in 2009) https://censusindia.gov.in/nada/index.php/catalog/1023",62.2,37.2,27.2,75.8,73.0,5% of 56 villages,9% of 56 villages,43% of 56 villages,23% of 56 villages,12% of 56 villages
place,siyasar_chaugan,"सियासर चौगान (चक 18, 19 KJD)","Siyasar Chaugan, chaks 18-19 KJD",court_chak,medium,(HC 2025 petitioners),"HC 19-02-2025 batch: R/o Chak 18,19 KJD Siyasar Chaugan; LGD sub-villages '4 SSM-18 KJD', '21 KJD-19 KJD A' in GP Siyasar Chougan",https://indiankanoon.org/doc/150464229/,069761,69761,Khajuwala,Khajuwala,Siyasar Chougan,36053,Siyasar Chogan,2025-05-20,"https://lgdirectory.gov.in/webservices/lgdws/villageHierarachyDetails?villageCode=69761 (POST, retrieved 2026-09-26)",Siyasar Chaugan,Khajuwala,2642,461,5.73,36.4,0.0,926,16.2,57.3,69.3,44.2,1135,66,45.5,94.5,42.2,83.3,9.7,7.0,"Census 2011 PCA town/village (NADA catalog 6292, DDW_PCA0803_2011_MDDS with UI.xlsx) https://censusindia.gov.in/nada/index.php/catalog/6292",11525.6,3,1,1,c,c,c,c,c,1,c,c,Yes,Yes,Yes,Yes,Yes,b,Yes,Yes,c,Yes,Yes,Yes,Yes,Yes,c,Yes,Yes,c,Yes,Yes,c,Yes,Yes,BIKANER,c,1654.9,1384.4,1384.4,6938.9,"Census 2011 DCHB Bikaner Village Directory, Appendix_VD_0803.xls (NADA catalog 1022/1023; amenities as in 2009) https://censusindia.gov.in/nada/index.php/catalog/1023",73.9,50.1,33.2,80.4,69.2,4% of 54 villages,6% of 54 villages,41% of 54 villages,24% of 54 villages,13% of 54 villages
place,pwm_3,चक 3 पीडब्ल्यूएम (3 पावली),Chak 3 Pavli / 3 PWM,court_chak,medium,Bhojrasar,"HC 18-09-2018 & DB 26-11-2020: a Bhojrasar-origin respondent 'at present Chak 3 Pavli, Tehsil Khajuwala'",https://indiankanoon.org/doc/41210648/ ; https://indiankanoon.org/doc/110754845/,069755,69755,Khajuwala,Khajuwala,3 Pwm,36000,3 Pwm,2025-05-20,"https://lgdirectory.gov.in/webservices/lgdws/villageHierarachyDetails?villageCode=69755 (POST, retrieved 2026-09-26)",3 Pwm,Khajuwala,905,157,5.76,51.0,1.9,921,13.1,70.6,82.8,57.4,413,58,52.0,87.7,51.8,87.7,2.4,9.9,"Census 2011 PCA town/village (NADA catalog 6292, DDW_PCA0803_2011_MDDS with UI.xlsx) https://censusindia.gov.in/nada/index.php/catalog/6292",2903,2,2,1,b,b,b,b,b,b,b,b,No,No,No,Yes,No,c,Yes,Yes,c,b,b,b,b,b,b,Yes,b,b,Yes,Yes,c,Yes,No,BIKANER,c,126,112.6,112.6,1128,"Census 2011 DCHB Bikaner Village Directory, Appendix_VD_0803.xls (NADA catalog 1022/1023; amenities as in 2009) https://censusindia.gov.in/nada/index.php/catalog/1023",73.9,50.1,33.2,80.4,69.2,4% of 54 villages,6% of 54 villages,41% of 54 villages,24% of 54 villages,13% of 54 villages
place,sattasar,"सतासर (चक 5 STM, 5 SDWMU)","Satasar (chaks 5 STM, 5 SDWMU)",court_chak,medium,(HC petitioners),"HC 2025 batch names 5 STM; HC 15-09-2009 Khinya Ram: MFFR allotment in chak 5 SDWMU on 19-01-1987; LGD sub-villages 'Sattasar-5 STM', 'Sattasar-5 SDWMU A/B'",https://indiankanoon.org/doc/150464229/ ; https://indiankanoon.org/doc/21996981/,069835,69835,Chhatargarh,Poogal,Sattasar,36049,Satasar,2025-05-20,"https://lgdirectory.gov.in/webservices/lgdws/villageHierarachyDetails?villageCode=69835 (POST, retrieved 2026-09-26)",Satasar,Chhatargarh,5594,935,5.98,23.4,0.1,948,19.4,51.8,64.2,39.0,1857,1051,52.0,63.9,51.0,65.0,16.7,16.9,"Census 2011 PCA town/village (NADA catalog 6292, DDW_PCA0803_2011_MDDS with UI.xlsx) https://censusindia.gov.in/nada/index.php/catalog/6292",17704,6,4,3,1,c,c,c,c,1,c,1,Yes,Yes,Yes,Yes,Yes,c,Yes,Yes,Yes,Yes,Yes,Yes,Yes,Yes,Yes,Yes,Yes,Yes,Yes,Yes,Yes,Yes,Yes,BIKANER,c,4613,433,433,9017,"Census 2011 DCHB Bikaner Village Directory, Appendix_VD_0803.xls (NADA catalog 1022/1023; amenities as in 2009) https://censusindia.gov.in/nada/index.php/catalog/1023",63.2,40.4,28.7,71.2,69.6,8% of 64 villages,5% of 64 villages,42% of 64 villages,20% of 64 villages,12% of 64 villages
place,dodd_10_500,चक 10-500 डी.ओ.डी.डी.,Chak 10-500 Dodd (Pugal),court_chak,medium,(HC 2025 petitioners),"HC 19-02-2025 batch: R/o Chak 10-500 Dodd, Tehsil Pugal; LGD village 'Chak 10-500 D.O.D.D. (R)' (Poogal, created 28-06-2023, no census code)",https://indiankanoon.org/doc/150464229/,,946142,Poogal,Poogal,Aduri,36003,Chak 10-500 D.O.D.D. (R),2023-06-28,"https://lgdirectory.gov.in/webservices/lgdws/villageHierarachyDetails?villageCode=946142 (POST, retrieved 2026-09-26)",,,,,,,,,,,,,,,,,,,,,,,,,,,,,,,,,,,,,,,,,,,,,,,,,,,,,,,,,,,,,,,,,,,,,,,,,
place,devasar_new,नई आबादी देवासर,Nai Aabadi Devasar (Chhatargarh No. 2),lgd_new_village,low-medium,Devasar,"HC 24-01-2017: 'R/o Nai Aabadi, Devasar, Upniveshan Chhatargarh No.2'; LGD 'Devasar' 931790 (Poogal, GP Siyasar Panchkosa, 2018); RLA 2023: 'Devasar tah. Pugal' MFFR allottee",https://indiankanoon.org/doc/174753246/,,931790,Poogal,Poogal,Siyasar Panchkosa,262172,Devasar,2018-05-31,"https://lgdirectory.gov.in/webservices/lgdws/villageHierarachyDetails?villageCode=931790 (POST, retrieved 2026-09-26)",,,,,,,,,,,,,,,,,,,,,,,,,,,,,,,,,,,,,,,,,,,,,,,,,,,,,,,,,,,,,,,,,,,,,,,,,
place,naya_motasar,नया मोटासर,Naya Motasar,lgd_new_village,low,Motasar,"LGD village 960176 (Poogal, GP 2 PB, created 18-03-2025); link to displaced Motasar not proven",https://lgdirectory.gov.in/,,960176,Poogal,Poogal,2 Pb,294182,Naya Motasar,2025-03-18,"https://lgdirectory.gov.in/webservices/lgdws/villageHierarachyDetails?villageCode=960176 (POST, retrieved 2026-09-26)",,,,,,,,,,,,,,,,,,,,,,,,,,,,,,,,,,,,,,,,,,,,,,,,,,,,,,,,,,,,,,,,,,,,,,,,,
place,ranjeetpura,रणजीतपुरा,Ranjeetpura (Bajju),court_chak,medium-high,(Dhatarwal petitioners; Visthapit Vikas Samiti),HC 2017/2022 Bhadar Ram: petitioners at Post Ranjeetpura Tehsil Bajju; HC 07-05-2025: co-petitioner resident of V.P.O. Ranjitpura with MFFR Visthapit Vikas Samiti,https://indiankanoon.org/doc/189558750/ ; https://indiankanoon.org/doc/183389720/ ; https://indiankanoon.org/doc/48956184/,069378,69378,Bajju,Bajju Khalsa,Ranjeetpura,36092,Ranjeetpura,2025-06-03,"https://lgdirectory.gov.in/webservices/lgdws/villageHierarachyDetails?villageCode=69378 (POST, retrieved 2026-09-26)",Ranjeetpura,Kolayat,5559,880,6.32,17.0,0.1,868,20.0,58.2,71.6,42.5,2663,64,49.1,97.7,50.0,92.3,2.1,5.4,"Census 2011 PCA town/village (NADA catalog 6292, DDW_PCA0803_2011_MDDS with UI.xlsx) https://censusindia.gov.in/nada/index.php/catalog/6292",10325,4,2,2,1,c,c,b,c,1,1,c,Yes,Yes,Yes,Yes,Yes,c,Yes,Yes,c,c,Yes,Yes,Yes,Yes,Yes,Yes,Yes,Yes,Yes,Yes,Yes,Yes,Yes,BIKANER,c,4,0,0,3934,"Census 2011 DCHB Bikaner Village Directory, Appendix_VD_0803.xls (NADA catalog 1022/1023; amenities as in 2009) https://censusindia.gov.in/nada/index.php/catalog/1023",68.8,42.4,25.4,66.8,68.5,8% of 209 villages,4% of 209 villages,50% of 209 villages,22% of 209 villages,15% of 209 villages
place,gajjewala,गज्जेवाला (चक 2 GWSM),"Gajjewala, chak 2 GWSM",court_chak,medium,(HC petitioners),"HC 2017/2022: 'Chak 2 GWSM Village Gajewala, Post Ranjeetpura, Tehsil Bajju'",https://indiankanoon.org/doc/183389720/,069379,69379,Bajju,Bajju Khalsa,Gajjewala,262191,Gajjewala,2025-06-03,"https://lgdirectory.gov.in/webservices/lgdws/villageHierarachyDetails?villageCode=69379 (POST, retrieved 2026-09-26)",Gajjewala,Kolayat,1921,344,5.58,8.5,0.8,870,19.1,66.0,79.9,50.5,779,86,45.0,90.1,46.1,95.4,0.6,3.9,"Census 2011 PCA town/village (NADA catalog 6292, DDW_PCA0803_2011_MDDS with UI.xlsx) https://censusindia.gov.in/nada/index.php/catalog/6292",3015,2,1,c,c,c,c,c,c,1,c,c,No,Yes,No,Yes,Yes,c,Yes,Yes,c,c,c,c,c,c,c,Yes,c,c,Yes,Yes,c,Yes,Yes,BIKANER,c,19,0,0,2609,"Census 2011 DCHB Bikaner Village Directory, Appendix_VD_0803.xls (NADA catalog 1022/1023; amenities as in 2009) https://censusindia.gov.in/nada/index.php/catalog/1023",68.8,42.4,25.4,66.8,68.5,8% of 209 villages,4% of 209 villages,50% of 209 villages,22% of 209 villages,15% of 209 villages
place,raowala,राववाला,"Raowala (Barsalpur, Bajju)",organisation_address,low-medium,(Visthapit Vikas Samiti),"HC 07-05-2025: secretary of MFFR Visthapit Vikas Samiti (regd. Khajuwala) resident of Raowala, Post Barsalpur",https://indiankanoon.org/doc/48956184/,069377,69377,Bajju,Bajju Khalsa,Raowala,262175,Raowala,2025-06-03,"https://lgdirectory.gov.in/webservices/lgdws/villageHierarachyDetails?villageCode=69377 (POST, retrieved 2026-09-26)",Raowala,Kolayat,3086,448,6.89,24.0,0.1,897,19.1,53.3,64.3,41.0,1346,42,45.0,97.0,35.6,80.2,14.5,5.1,"Census 2011 PCA town/village (NADA catalog 6292, DDW_PCA0803_2011_MDDS with UI.xlsx) https://censusindia.gov.in/nada/index.php/catalog/6292",8104,2,1,1,c,c,c,c,c,1,c,c,Yes,Yes,Yes,Yes,Yes,c,Yes,Yes,c,c,Yes,Yes,Yes,Yes,c,Yes,Yes,c,Yes,Yes,c,Yes,Yes,BIKANER,c,2208,338,0,5315,"Census 2011 DCHB Bikaner Village Directory, Appendix_VD_0803.xls (NADA catalog 1022/1023; amenities as in 2009) https://censusindia.gov.in/nada/index.php/catalog/1023",68.8,42.4,25.4,66.8,68.5,8% of 209 villages,4% of 209 villages,50% of 209 villages,22% of 209 villages,15% of 209 villages
place,dehriya,देहरिया,Dehriya / Dehria (Kolayat-Bajju),court_chak,low-medium,"Likhmisar, Manera (land cases)","HC 17-07-2018, 18-09-2018, DB 26-11-2020 (Buddhu Khan): petitioners of village Dehriya in disputes over MFFR-allotted land of Likhmisar/Manera oustees",https://indiankanoon.org/doc/37576754/ ; https://indiankanoon.org/doc/41210648/ ; https://indiankanoon.org/doc/110754845/,069355,69355,Bajju,Bajju Khalsa,Barsalpur,36061,Dehria,2025-06-03,"https://lgdirectory.gov.in/webservices/lgdws/villageHierarachyDetails?villageCode=69355 (POST, retrieved 2026-09-26)",Dehriya,Kolayat,306,52,5.88,28.4,0.3,937,17.0,52.4,68.9,34.4,92,67,52.0,57.9,55.4,76.1,21.7,2.2,"Census 2011 PCA town/village (NADA catalog 6292, DDW_PCA0803_2011_MDDS with UI.xlsx) https://censusindia.gov.in/nada/index.php/catalog/6292",3437,b,b,c,c,c,c,c,c,b,c,c,No,No,No,Yes,No,c,Yes,b,c,b,b,c,c,c,b,b,c,c,Yes,Yes,b,No,No,BIKANER,c,1852,1593,1593,126,"Census 2011 DCHB Bikaner Village Directory, Appendix_VD_0803.xls (NADA catalog 1022/1023; amenities as in 2009) https://censusindia.gov.in/nada/index.php/catalog/1023",68.8,42.4,25.4,66.8,68.5,8% of 209 villages,4% of 209 villages,50% of 209 villages,22% of 209 villages,15% of 209 villages
place,bajju_khalsa,बज्जू खालसा,Bajju,court_chak,medium,(HC 2025),"HC 25-03-2025 Bachna Ram: 16.15 bighas allotted in Bajju in 2001 to a displaced person; Patrika 2025 on 1,400 bigha fake allotments in Kolayat-Bajju in MFFR names",https://indiankanoon.org/doc/194551084/ ; https://www.patrika.com/bikaner-news/fake-allotment-of-1400-bigha-land-in-kolayat-and-bajju-19483920,069446,69446,Bajju,Bajju Khalsa,Bajju,36059,Bajju Khalsa,2025-07-20,"https://lgdirectory.gov.in/webservices/lgdws/villageHierarachyDetails?villageCode=69446 (POST, retrieved 2026-09-26)",Bajju Khalsa,Kolayat,5441,973,5.59,8.4,0.2,881,16.2,75.5,86.5,62.8,1886,312,40.4,85.8,32.2,57.2,2.3,37.0,"Census 2011 PCA town/village (NADA catalog 6292, DDW_PCA0803_2011_MDDS with UI.xlsx) https://censusindia.gov.in/nada/index.php/catalog/6292",5251,8,8,3,3,1,c,1,1,1,c,1,Yes,Yes,No,Yes,Yes,c,Yes,Yes,c,Yes,Yes,Yes,Yes,Yes,Yes,Yes,Yes,Yes,Yes,Yes,Yes,Yes,Yes,BIKANER,c,3724.2,694,0,1307,"Census 2011 DCHB Bikaner Village Directory, Appendix_VD_0803.xls (NADA catalog 1022/1023; amenities as in 2009) https://censusindia.gov.in/nada/index.php/catalog/1023",68.8,42.4,25.4,66.8,68.5,8% of 209 villages,4% of 209 villages,50% of 209 villages,22% of 209 villages,15% of 209 villages
place,jaimalsar,जैमलसर,Jaimalsar (Rajmalsar & Jaimalsar minors),court_chak,low-medium,(54 displaced persons),HC 06-01-1997 (AIR 1997 Raj 71): land allotted to 54 displaced persons became command land in 1987 due to Rajmalsar Minor and Jaimalsar Minor; exact chaks not named,https://indiankanoon.org/doc/38464/,069142,69142,Bikaner,Bikaner,Jaimalsar,36019,Jaimalsar,2005-01-01,"https://lgdirectory.gov.in/webservices/lgdws/villageHierarachyDetails?villageCode=69142 (POST, retrieved 2026-09-26)",Jaimalsar,Bikaner,4179,650,6.43,42.4,0.0,903,17.9,60.0,70.6,48.3,1203,1015,53.1,54.2,50.1,90.9,1.7,6.3,"Census 2011 PCA town/village (NADA catalog 6292, DDW_PCA0803_2011_MDDS with UI.xlsx) https://censusindia.gov.in/nada/index.php/catalog/6292",12342,2,2,1,c,c,c,c,1,c,1,1,Yes,No,No,No,Yes,c,Yes,Yes,Yes,Yes,Yes,Yes,Yes,Yes,Yes,Yes,Yes,c,Yes,Yes,Yes,Yes,Yes,BIKANER,c,8663,0,0,0,"Census 2011 DCHB Bikaner Village Directory, Appendix_VD_0803.xls (NADA catalog 1022/1023; amenities as in 2009) https://censusindia.gov.in/nada/index.php/catalog/1023",73.0,47.5,25.9,72.7,51.4,18% of 108 villages,11% of 108 villages,76% of 108 villages,43% of 108 villages,32% of 108 villages
place,malkisar,मलकीसर,Malkisar (Lunkaransar),revenue_record,medium,Bhojrasar,"Gazette of India 17-07-2019 land schedule: khatedar 'Sa. Bhojrasar Haal Malkisar, Khatedar MFFR'",https://archive.org/details/in.gazette.central.e.2019-07-17.207229,069304,69304,Lunkaransar,Lunkaransar,Kapurisar,36107,Malkisar,2025-05-20,"https://lgdirectory.gov.in/webservices/lgdws/villageHierarachyDetails?villageCode=69304 (POST, retrieved 2026-09-26)",Malkisar,Lunkaransar,2065,326,6.33,10.7,0.2,939,19.0,64.3,77.5,50.5,982,317,62.9,75.6,63.8,94.6,3.7,1.7,"Census 2011 PCA town/village (NADA catalog 6292, DDW_PCA0803_2011_MDDS with UI.xlsx) https://censusindia.gov.in/nada/index.php/catalog/6292",4642,4,1,b,c,c,c,c,c,1,c,c,Yes,No,Yes,Yes,Yes,c,Yes,Yes,b,Yes,Yes,c,c,c,c,Yes,Yes,b,Yes,Yes,c,Yes,Yes,BIKANER,c,3936,755.8,755.8,328,"Census 2011 DCHB Bikaner Village Directory, Appendix_VD_0803.xls (NADA catalog 1022/1023; amenities as in 2009) https://censusindia.gov.in/nada/index.php/catalog/1023",73.0,48.6,22.2,70.1,68.0,8% of 125 villages,6% of 125 villages,66% of 125 villages,35% of 125 villages,18% of 125 villages
place,mahajan,महाजन,Mahajan (Lunkaransar),press,medium,Bhojrasar,Patrika 2022: a Bhojrasar family now in Mahajan,https://www.patrika.com/bikaner-news/mahajan-field-firing-range-7893463,069228,69228,Lunkaransar,Lunkaransar,Mahajan,36115,Mahajan,2025-05-20,"https://lgdirectory.gov.in/webservices/lgdws/villageHierarachyDetails?villageCode=69228 (POST, retrieved 2026-09-26)",Mahajan,Lunkaransar,7397,1224,6.04,8.7,0.5,907,15.6,58.2,66.6,48.9,2153,1980,55.9,52.1,50.9,68.0,8.8,21.8,"Census 2011 PCA town/village (NADA catalog 6292, DDW_PCA0803_2011_MDDS with UI.xlsx) https://censusindia.gov.in/nada/index.php/catalog/6292",10852.4,7,4,4,1,1,c,c,1,1,1,1,Yes,No,No,Yes,No,Yes,Yes,Yes,c,Yes,Yes,Yes,Yes,Yes,Yes,Yes,Yes,Yes,Yes,Yes,Yes,Yes,Yes,BIKANER,c,4201.8,74.4,74.4,3482.2,"Census 2011 DCHB Bikaner Village Directory, Appendix_VD_0803.xls (NADA catalog 1022/1023; amenities as in 2009) https://censusindia.gov.in/nada/index.php/catalog/1023",73.0,48.6,22.2,70.1,68.0,8% of 125 villages,6% of 125 villages,66% of 125 villages,35% of 125 villages,18% of 125 villages
place,dantaur,दंतौर,Dantaur / Dantor,press,low-medium,(not named),"Patrika 2018/2022: displaced settled at Khajuwala, Dantor, Pugal, Mohangarh, Nachna",https://www.patrika.com/bikaner-news/mahajan-firing-range-3673091,069758,69758,Khajuwala,Khajuwala,Dantor,36014,Dantor Barani,2025-05-20,"https://lgdirectory.gov.in/webservices/lgdws/villageHierarachyDetails?villageCode=69758 (POST, retrieved 2026-09-26)",Dantaur,Khajuwala,8389,1587,5.29,23.0,0.3,920,17.2,56.9,67.8,44.8,4022,518,54.1,88.6,52.0,78.2,7.6,11.8,"Census 2011 PCA town/village (NADA catalog 6292, DDW_PCA0803_2011_MDDS with UI.xlsx) https://censusindia.gov.in/nada/index.php/catalog/6292",28561,5,4,2,1,c,c,c,1,1,1,1,Yes,Yes,Yes,Yes,Yes,Yes,Yes,Yes,Yes,Yes,Yes,Yes,Yes,Yes,Yes,Yes,Yes,Yes,Yes,Yes,Yes,Yes,Yes,BIKANER,c,4402,3189.4,3189.4,10392,"Census 2011 DCHB Bikaner Village Directory, Appendix_VD_0803.xls (NADA catalog 1022/1023; amenities as in 2009) https://censusindia.gov.in/nada/index.php/catalog/1023",73.9,50.1,33.2,80.4,69.2,4% of 54 villages,6% of 54 villages,41% of 54 villages,24% of 54 villages,13% of 54 villages
place,poogal,पूगल,Poogal / Pugal,press+academic,medium,(not named),"Patrika 2018/2022; Rahul Ghai fieldwork 2015 (IGNP stage II: MFFR oustees after 1971 war refugees); RLA 13-03-1992: displaced settled in colonisation tehsils Pugal and Chhatargarh (282 villages/chaks, 72 census villages)",https://www.patrika.com/bikaner-news/mahajan-firing-range-3673091 ; http://rahulghai.blogspot.com/2015/12/ ; https://archive.org/details/rajasthanlegislature.assembly9.session6.13-03-1992,069172,69172,Poogal,Poogal,Pugal,36045,Pugal,2025-06-03,"https://lgdirectory.gov.in/webservices/lgdws/villageHierarachyDetails?villageCode=69172 (POST, retrieved 2026-09-26)",Poogal,Poogal,5833,1090,5.35,18.7,0.3,901,17.0,57.6,69.8,44.1,1872,644,43.1,74.4,34.8,58.3,11.8,29.0,"Census 2011 PCA town/village (NADA catalog 6292, DDW_PCA0803_2011_MDDS with UI.xlsx) https://censusindia.gov.in/nada/index.php/catalog/6292",14044,7,6,5,2,c,,c,1,1,c,1,Yes,Yes,Yes,Yes,Yes,c,Yes,Yes,Yes,Yes,Yes,Yes,Yes,Yes,Yes,Yes,Yes,Yes,Yes,Yes,Yes,Yes,No,BIKANER,c,4934,1869.4,1869.4,5565,"Census 2011 DCHB Bikaner Village Directory, Appendix_VD_0803.xls (NADA catalog 1022/1023; amenities as in 2009) https://censusindia.gov.in/nada/index.php/catalog/1023",62.2,37.2,27.2,75.8,73.0,5% of 56 villages,9% of 56 villages,43% of 56 villages,23% of 56 villages,12% of 56 villages
place,khajuwala,खाजूवाला,Khajuwala (town; census 2011 name Beriyawali CT),press,medium,(Visthapit Vikas Samiti HQ),Patrika 2018/2022; MFFR Visthapit Vikas Samiti registered at Khajuwala (HC 07-05-2025); Khajuwala is a census town in 2011,https://www.patrika.com/bikaner-news/mahajan-firing-range-3673091 ; https://indiankanoon.org/doc/48956184/,069776,,,,,,,,,Beriyawali (CT),Khajuwala,11831,2255,5.25,15.1,1.1,887,13.8,75.9,85.3,65.4,3589,626,35.6,85.1,17.0,12.4,11.6,72.8,"Census 2011 PCA town/village (NADA catalog 6292, DDW_PCA0803_2011_MDDS with UI.xlsx) https://censusindia.gov.in/nada/index.php/catalog/6292",,,,,,,,,,,,,,,,,,,,,,,,,,,,,,,,,,,,,,,,,,,73.9,50.1,33.2,80.4,69.2,4% of 54 villages,6% of 54 villages,41% of 54 villages,24% of 54 villages,13% of 54 villages
place,mohangarh_nachna,मोहनगढ़ / नाचना (जैसलमेर),"Mohangarh, Nachna (Jaisalmer)",press,low,(not named),"Patrika 2018/2022 only; outside Bikaner district, not tabulated here",https://www.patrika.com/bikaner-news/mahajan-firing-range-3673091,,,,,,,,,,,,,,,,,,,,,,,,,,,,,,,,,,,,,,,,,,,,,,,,,,,,,,,,,,,,,,,,,,,,,,,,,,,,,,,,,,
place,damolai_1dlsm,"दामोलाई (1 डीएलएसएम, 465 आरडी मंडी)",Damolai / 1 DLSM (465 RD mandi),service_centre,medium (as service centre),(serves Ramnagar-Krishan Nagar-Lakhansar cluster),"LGD name '1dlsm(Damolai)'; YouTube channel 'Apna 465 Rd' films 'Mandi 465 RD Damolai' dhan (grain) mandi, schools and the Ramnagar/Krishna Nagar/Lakhansar chaks around it; not named in any government resettlement list",https://www.youtube.com/watch?v=gPlCJdVwg50 ; https://www.youtube.com/watch?v=7oiTGDCXqj4 ; https://www.youtube.com/channel/UCadxaC9Fs6iCt-oEPkpVZ9A,069791,69791,Chhatargarh,Poogal,1dlsm,262265,1dlsm(Damolai),2023-10-07,"https://lgdirectory.gov.in/webservices/lgdws/villageHierarachyDetails?villageCode=69791 (POST, retrieved 2026-09-26)",1 Dlsm,Chhatargarh,2411,378,6.38,27.3,0.2,947,17.6,56.4,69.0,42.9,615,344,39.8,64.1,31.2,28.6,28.8,38.5,"Census 2011 PCA town/village (NADA catalog 6292, DDW_PCA0803_2011_MDDS with UI.xlsx) https://censusindia.gov.in/nada/index.php/catalog/6292",2043,2,1,1,1,c,c,c,1,1,c,c,Yes,No,Yes,Yes,Yes,c,Yes,Yes,c,Yes,Yes,Yes,c,Yes,c,Yes,Yes,c,Yes,Yes,c,Yes,Yes,BIKANER,c,904,221.1,221.1,287,"Census 2011 DCHB Bikaner Village Directory, Appendix_VD_0803.xls (NADA catalog 1022/1023; amenities as in 2009) https://censusindia.gov.in/nada/index.php/catalog/1023",63.2,40.4,28.7,71.2,69.6,8% of 64 villages,5% of 64 villages,42% of 64 villages,20% of 64 villages,12% of 64 villages
tehsil_average_rural_2011,tehsil_chhatargarh,,Chhatargarh tehsil (rural total),,,,,,,,,,,,,,,,Chhatargarh,82488,13826,5.97,28.7,0.3,906,17.9,52.4,63.2,40.4,30121,12164,51.3,71.2,47.7,69.6,10.8,18.6,"Census 2011 PCA (NADA 6292), sub-district rural row",,70% of 64 villages,42% of 64 villages,22% of 64 villages,8% of 64 villages,0% of 64 villages,0% of 64 villages,0% of 64 villages,5% of 64 villages,27% of 64 villages,3% of 64 villages,12% of 64 villages,42% of 64 villages,33% of 64 villages,69% of 64 villages,73% of 64 villages,59% of 64 villages,2% of 64 villages,100% of 64 villages,42% of 64 villages,14% of 64 villages,33% of 64 villages,20% of 64 villages,12% of 64 villages,9% of 64 villages,25% of 64 villages,6% of 64 villages,41% of 64 villages,22% of 64 villages,5% of 64 villages,89% of 64 villages,89% of 64 villages,5% of 64 villages,94% of 64 villages,78% of 64 villages,,,,,,,Census 2011 VD Appendix_VD_0803.xls: share of inhabited villages with the facility inside the village,,,,,,,,,,
tehsil_average_rural_2011,tehsil_khajuwala,,Khajuwala tehsil (rural total),,,,,,,,,,,,,,,,Khajuwala,76899,13825,5.56,33.2,1.4,891,15.4,62.7,73.9,50.1,32045,7806,51.8,80.4,47.3,69.2,15.4,13.5,"Census 2011 PCA (NADA 6292), sub-district rural row",,78% of 54 villages,48% of 54 villages,33% of 54 villages,4% of 54 villages,0% of 54 villages,0% of 54 villages,0% of 54 villages,6% of 54 villages,50% of 54 villages,4% of 54 villages,2% of 54 villages,41% of 54 villages,56% of 54 villages,33% of 54 villages,93% of 54 villages,57% of 54 villages,2% of 54 villages,100% of 54 villages,65% of 54 villages,15% of 54 villages,44% of 54 villages,24% of 54 villages,13% of 54 villages,13% of 54 villages,33% of 54 villages,6% of 54 villages,65% of 54 villages,19% of 54 villages,2% of 54 villages,94% of 54 villages,91% of 54 villages,2% of 54 villages,100% of 54 villages,30% of 54 villages,,,,,,,Census 2011 VD Appendix_VD_0803.xls: share of inhabited villages with the facility inside the village,,,,,,,,,,
tehsil_average_rural_2011,tehsil_poogal,,Poogal tehsil (rural total),,,,,,,,,,,,,,,,Poogal,67163,11977,5.61,27.2,0.3,888,18.3,50.5,62.2,37.2,26102,8320,51.3,75.8,48.3,73.0,14.7,11.3,"Census 2011 PCA (NADA 6292), sub-district rural row",,66% of 56 villages,34% of 56 villages,16% of 56 villages,5% of 56 villages,0% of 56 villages,0% of 56 villages,0% of 56 villages,9% of 56 villages,43% of 56 villages,2% of 56 villages,2% of 56 villages,43% of 56 villages,27% of 56 villages,38% of 56 villages,84% of 56 villages,39% of 56 villages,2% of 56 villages,100% of 56 villages,55% of 56 villages,5% of 56 villages,5% of 56 villages,23% of 56 villages,12% of 56 villages,11% of 56 villages,14% of 56 villages,5% of 56 villages,48% of 56 villages,14% of 56 villages,5% of 56 villages,80% of 56 villages,80% of 56 villages,7% of 56 villages,89% of 56 villages,38% of 56 villages,,,,,,,Census 2011 VD Appendix_VD_0803.xls: share of inhabited villages with the facility inside the village,,,,,,,,,,
tehsil_average_rural_2011,tehsil_lunkaransar,,Lunkaransar tehsil (rural total),,,,,,,,,,,,,,,,Lunkaransar,213627,33850,6.31,22.2,0.1,918,17.7,61.3,73.0,48.6,80850,34425,54.0,70.1,50.5,68.0,8.8,21.3,"Census 2011 PCA (NADA 6292), sub-district rural row",,76% of 125 villages,57% of 125 villages,31% of 125 villages,8% of 125 villages,2% of 125 villages,0% of 125 villages,2% of 125 villages,6% of 125 villages,48% of 125 villages,6% of 125 villages,3% of 125 villages,66% of 125 villages,17% of 125 villages,37% of 125 villages,43% of 125 villages,37% of 125 villages,2% of 125 villages,99% of 125 villages,66% of 125 villages,23% of 125 villages,33% of 125 villages,35% of 125 villages,18% of 125 villages,18% of 125 villages,17% of 125 villages,4% of 125 villages,61% of 125 villages,28% of 125 villages,4% of 125 villages,89% of 125 villages,89% of 125 villages,7% of 125 villages,98% of 125 villages,50% of 125 villages,,,,,,,Census 2011 VD Appendix_VD_0803.xls: share of inhabited villages with the facility inside the village,,,,,,,,,,
tehsil_average_rural_2011,tehsil_kolayat,,Kolayat tehsil (rural total),,,,,,,,,,,,,,,,Kolayat,251344,41454,6.06,25.4,0.2,890,18.9,56.4,68.8,42.4,74001,36847,44.1,66.8,37.2,68.5,9.2,20.8,"Census 2011 PCA (NADA 6292), sub-district rural row",,64% of 209 villages,46% of 209 villages,23% of 209 villages,8% of 209 villages,1% of 209 villages,0% of 209 villages,1% of 209 villages,4% of 209 villages,44% of 209 villages,5% of 209 villages,7% of 209 villages,50% of 209 villages,28% of 209 villages,46% of 209 villages,37% of 209 villages,49% of 209 villages,1% of 209 villages,99% of 209 villages,55% of 209 villages,16% of 209 villages,37% of 209 villages,22% of 209 villages,15% of 209 villages,14% of 209 villages,16% of 209 villages,7% of 209 villages,39% of 209 villages,18% of 209 villages,4% of 209 villages,74% of 209 villages,74% of 209 villages,5% of 209 villages,83% of 209 villages,50% of 209 villages,,,,,,,Census 2011 VD Appendix_VD_0803.xls: share of inhabited villages with the facility inside the village,,,,,,,,,,
