channel_id,channel,video_id,url,title,duration_s,views_at_retrieval
UCadxaC9Fs6iCt-oEPkpVZ9A,Apna 465 Rd,9OJT0TBKnME,https://www.youtube.com/watch?v=9OJT0TBKnME,"क्रिकेट प्रतियोगिता का आज फाइनल  महा मुकाबला, RD465 दामोलाई ,….. ",477,83
UCadxaC9Fs6iCt-oEPkpVZ9A,Apna 465 Rd,ZCXrVBw3Auk,https://www.youtube.com/watch?v=ZCXrVBw3Auk,बरजू मेला 2025 | पीर मशकिन शाह बीकानेरी // Barju gaav mela  #barju #rajasthan #mela @ShubhJourney ,454,223
UCadxaC9Fs6iCt-oEPkpVZ9A,Apna 465 Rd,XVAN07aRHhY,https://www.youtube.com/watch?v=XVAN07aRHhY,पुराणा 34 गाँव का 40 साल बाद का नज़ारा आज भी यहाँ सुकून मिलता हैं (कानोलाई गाँव) @ShubhJourney ,334,484
UCadxaC9Fs6iCt-oEPkpVZ9A,Apna 465 Rd,dI4BqyBBJ40,https://www.youtube.com/watch?v=dI4BqyBBJ40,"छतरगढ़ का किला देखिए 2025 🙏🙏 chhatargarh,rajasthani #vlog  #bikanervlog #chhatargarh  @ShubhJourney ",31,1200
UCadxaC9Fs6iCt-oEPkpVZ9A,Apna 465 Rd,3I05fAj3TC4,https://www.youtube.com/watch?v=3I05fAj3TC4,पंजाब की मदद के लिये पहुँचे पीर नासिर साहा ❤️❤️ #465rd #chhatargarh #bikaner #rajasthan ,33,53
UCadxaC9Fs6iCt-oEPkpVZ9A,Apna 465 Rd,nE0FPXoPozU,https://www.youtube.com/watch?v=nE0FPXoPozU,”सूरतगढ़ मेला 2025 || बाबा रामदेव जी का विशाल मेला #mela #rajasthan #surtgarh @ShubhJourney ,460,1300
UCadxaC9Fs6iCt-oEPkpVZ9A,Apna 465 Rd,HstjeIoi1jQ,https://www.youtube.com/watch?v=HstjeIoi1jQ,{ RD 507 } हेड छतरगढ़ मेला 2025 || इतना सुंदर मेला || #rajasthan #vlog  #mela @ShubhJourney,379,364
UCadxaC9Fs6iCt-oEPkpVZ9A,Apna 465 Rd,BJLztYjRa30,https://www.youtube.com/watch?v=BJLztYjRa30,अनूपगढ़ का लैला मजनू मेला”laila majnu mela anupgarh #rajasthan #anupghar #lelamajnu @ShubhJourney,319,1700
UCadxaC9Fs6iCt-oEPkpVZ9A,Apna 465 Rd,wcmOhXVJijU,https://www.youtube.com/watch?v=wcmOhXVJijU,"मण्डी 465 RD Damolai , 465आरडी #465rd ​⁠ ​⁠#chhatargarh #village #vlog #rajasthan @ShubhJourney",91,397
UCadxaC9Fs6iCt-oEPkpVZ9A,Apna 465 Rd,WH8pepFHVAY,https://www.youtube.com/watch?v=WH8pepFHVAY,अनोखा मेला अनूपगढ़ 2025 #anoopgarh #mela #2025 #अनूपगढ़ // #vlog #rajasthan @ShubhJourney,176,1700
UCadxaC9Fs6iCt-oEPkpVZ9A,Apna 465 Rd,2_e5awVJCUQ,https://www.youtube.com/watch?v=2_e5awVJCUQ,"{445 RD} ,छतरगढ़ ,आरडी 445 chhatargad #rajasthanvlog  #viral #vlog  ​⁠@ShubhJourney",57,100
UCadxaC9Fs6iCt-oEPkpVZ9A,Apna 465 Rd,weGHpwLS3sk,https://www.youtube.com/watch?v=weGHpwLS3sk,"465 RD’ Olive Gareen Hotel #location Rd 445,छतरगढ़/ बीकानेर/ rajasthan #hotel #rajasthan #vlog",623,375
UCadxaC9Fs6iCt-oEPkpVZ9A,Apna 465 Rd,pPj3_Y5msxo,https://www.youtube.com/watch?v=pPj3_Y5msxo,"मण्डी 465 RD Damolai आज इतनी भीड़ कभी नहीं दखी होगी , 465आरडी दामलाई #rajasthanvlog #viral #2024",517,708
UCadxaC9Fs6iCt-oEPkpVZ9A,Apna 465 Rd,dEzvAHjb-3w,https://www.youtube.com/watch?v=dEzvAHjb-3w,गांव रोजड़ी धाम का मेला छतरगढ़ 😱 gaav rojari dham (rojari)  (chhatargarh ) #rajasthan #vlog #mela,854,531
UCadxaC9Fs6iCt-oEPkpVZ9A,Apna 465 Rd,HeHGAjXYgDQ,https://www.youtube.com/watch?v=HeHGAjXYgDQ,(chhatargarh) मंडी छतरगढ़ में इतना सुन्दर पार्क || #chhatargarh #bikaner,194,846
UCadxaC9Fs6iCt-oEPkpVZ9A,Apna 465 Rd,H2FMw9Q8QwY,https://www.youtube.com/watch?v=H2FMw9Q8QwY,"{445 RD} सरपुरा ,छतरगढ़ ,आरडी 445 sarpura chhatargad #rajasthanvlog  #viral #vlog  @ShubhJourney",328,348
UCadxaC9Fs6iCt-oEPkpVZ9A,Apna 465 Rd,Lvof3i4EU5s,https://www.youtube.com/watch?v=Lvof3i4EU5s,राजस्थानी गांव सत्तासर छतरगढ़ || Satasar Village in Chhatargarh (Bikaner) Rajasthan @Shubh Journey,538,9600
UCadxaC9Fs6iCt-oEPkpVZ9A,Apna 465 Rd,plwDIKkZoNk,https://www.youtube.com/watch?v=plwDIKkZoNk,आज हम अपने #खेत पर आए हैं || 2 Dlsm दामोलाई छत्तरगढ़ || #vlog #rajasthan #shubhjourney  village life,401,255
UCadxaC9Fs6iCt-oEPkpVZ9A,Apna 465 Rd,rWgCu7mh8IA,https://www.youtube.com/watch?v=rWgCu7mh8IA,{ RD 507 } हेड छतरगढ़ मेला 2024 || इतना सुंदर मेला || #rajasthan #vlog #मेला  #mela @ShubhJourney,657,745
UCadxaC9Fs6iCt-oEPkpVZ9A,Apna 465 Rd,bLJ9gMBkVCo,https://www.youtube.com/watch?v=bLJ9gMBkVCo,लाखनसेर गांव 465 आरडी 🥰 gaav laakhanser 465 rd || #gaav #vlog #rajasthan #village #shubhjourney,249,562
UCadxaC9Fs6iCt-oEPkpVZ9A,Apna 465 Rd,051izxX-NNQ,https://www.youtube.com/watch?v=051izxX-NNQ,{ kharbara} खरबारा गांव का मेला 🎡 खरबारा गांव छतरगढ़ 465 RD #mela #rajasthan #vlog #shubhjourney,323,1800
UCadxaC9Fs6iCt-oEPkpVZ9A,Apna 465 Rd,7oiTGDCXqj4,https://www.youtube.com/watch?v=7oiTGDCXqj4,धान मण्डी 465 RD दामोलाई ⚜️dhan mandi 465 छतरगढ़ बीकानेर राजस्थान #rajasthanvlog #viral #chhatargarh,486,1500
UCadxaC9Fs6iCt-oEPkpVZ9A,Apna 465 Rd,6kGyqr6qgm0,https://www.youtube.com/watch?v=6kGyqr6qgm0,मंडी पीलीबंगा 2023 Full राजस्थान वीडियो pilibanga rajasthan #pilibanga #hanumangarh #rajasthan,333,1100
UCadxaC9Fs6iCt-oEPkpVZ9A,Apna 465 Rd,_3REa4jhhTk,https://www.youtube.com/watch?v=_3REa4jhhTk,RD 445 सरेपुरा HOTEL & RESORT || 465 आरडी छतरगढ़ || रेगिस्तान में बना बहुत ही खूबसूरत #palace #vlog,355,555
UCadxaC9Fs6iCt-oEPkpVZ9A,Apna 465 Rd,CIEcDgX2OPc,https://www.youtube.com/watch?v=CIEcDgX2OPc,मंडी छतरगढ़ बीकानेर राजस्थान // ( bikanervlog ) #bikaner #rajasthan #viral #video,63,2600
UCadxaC9Fs6iCt-oEPkpVZ9A,Apna 465 Rd,iVVmdiR6SAE,https://www.youtube.com/watch?v=iVVmdiR6SAE,"बरजू गांव का मेला 2023 || barju ka Mela #barju ,#bikaner #village @ShubhJourney",376,581
UCadxaC9Fs6iCt-oEPkpVZ9A,Apna 465 Rd,KnMzL3rtZLQ,https://www.youtube.com/watch?v=KnMzL3rtZLQ,दीपावाली 2023 🪔 मंडी 465 आरडी में उमडी भीड़ #diwali2023 #dipawali #rajasthan #vlog,124,167
UCadxaC9Fs6iCt-oEPkpVZ9A,Apna 465 Rd,1iUY_c2cDbc,https://www.youtube.com/watch?v=1iUY_c2cDbc,{ kharbara} 🛕🕌खरबारा गांव के धार्मिक स्थल छतरगढ़ 465 RD (chhatargarh) #rajasthan #vlog #shubhjourney,489,654
UCadxaC9Fs6iCt-oEPkpVZ9A,Apna 465 Rd,n8KJHFAVxY8,https://www.youtube.com/watch?v=n8KJHFAVxY8,आज आ गए हम - संसार देसर आरडी 507 (chhatargarh) #rajasthanvlog  @ShubhJourney #village,130,907
UCadxaC9Fs6iCt-oEPkpVZ9A,Apna 465 Rd,sv_KVCTB5nk,https://www.youtube.com/watch?v=sv_KVCTB5nk,गांव रोजड़ी धाम छतरगढ़ 😱 gaav rojari dham (rojari) रोजड़ी घड़साना (chhatargarh ) #rajasthan #vlog,333,13000
UCadxaC9Fs6iCt-oEPkpVZ9A,Apna 465 Rd,gPlCJdVwg50,https://www.youtube.com/watch?v=gPlCJdVwg50,"{465RD} मण्डी 465 RD Damolai , 465आरडी दामलाई  छतरगढ़ बीकानेर राजस्थान, #rajasthanvlog  #viral",423,11000
UCadxaC9Fs6iCt-oEPkpVZ9A,Apna 465 Rd,bisimErkmrY,https://www.youtube.com/watch?v=bisimErkmrY,Rd 507 हैड 🤗 छतरगढ़ || घेगड़ा  507 आरडी हैड #chhatargard #bikaner #rajasthan #vlog #rajasthanivlog,462,1400
UCadxaC9Fs6iCt-oEPkpVZ9A,Apna 465 Rd,GFm-WwJW54o,https://www.youtube.com/watch?v=GFm-WwJW54o,छतरगढ़ का किला देखिए 2023 🙏🙏 chhatargarh rajasthani blog 2023 #bikanervlog #chhatargarh #vlog,181,1300
UCadxaC9Fs6iCt-oEPkpVZ9A,Apna 465 Rd,zCdbenMQnXw,https://www.youtube.com/watch?v=zCdbenMQnXw,"गांव दामोलाई 465 आरडी छतरगढ़ || Damolai gav 465Rd, chhatargrd,  #rajasthan #bikaner #chhatargarh",386,783
UCadxaC9Fs6iCt-oEPkpVZ9A,Apna 465 Rd,wL-yydFWtZ8,https://www.youtube.com/watch?v=wL-yydFWtZ8,तिलों की खेती देख कर मजा आ गया 🤗 आज मैं अपने खेत में आया हूं (2Dlsm) #rajasthan #vlog,172,149
UCadxaC9Fs6iCt-oEPkpVZ9A,Apna 465 Rd,XY6Sx5pPNFY,https://www.youtube.com/watch?v=XY6Sx5pPNFY,"4 DLSM Ramnegar 🤗 4 Dlsm की आबादी ग्राम पंचायत रामनगर,465 आरडी छतरगढ़ बीकानेर || #rajasthanvlogger",208,679
UCadxaC9Fs6iCt-oEPkpVZ9A,Apna 465 Rd,QNmNdWzWotM,https://www.youtube.com/watch?v=QNmNdWzWotM,"(487आरडी) की आबादी,5DLSM, दामोलाई,465Rd,छतरगढ़, 487 Rd #viral #village  #rajasthan #vlog",340,937
UCadxaC9Fs6iCt-oEPkpVZ9A,Apna 465 Rd,Vh5_V8RRJJY,https://www.youtube.com/watch?v=Vh5_V8RRJJY,(chhatargarh ) मंडी छतरगढ़ बीकानेर राजस्थान || तहसील छतरगढ़ #chhatargarh #bikaner  #rajasthanivlog,495,9800
UCadxaC9Fs6iCt-oEPkpVZ9A,Apna 465 Rd,cvuScb4ni1M,https://www.youtube.com/watch?v=cvuScb4ni1M,गांव लाखनसेर कृष्णा नगर 🤗 465 आरडी || gaav laakhanser 465 rd || #laakhanaser #lakhansergaav,479,1700
UCadxaC9Fs6iCt-oEPkpVZ9A,Apna 465 Rd,MSePuFekTpc,https://www.youtube.com/watch?v=MSePuFekTpc,2 gm 465rd 🤗 465आरडी || 2 gm raner 465 आरडी  chhatargarh बीकानेर #bikanerrajasthan #rajasthan #vlog,472,1300
UCadxaC9Fs6iCt-oEPkpVZ9A,Apna 465 Rd,HLeJNgJBiXQ,https://www.youtube.com/watch?v=HLeJNgJBiXQ,{ kharbara} 🤗 खरबारा गांव छतरगढ़ 465 RD (chhatargarh) #viralvideo #rajasthan #vlog #shubhjourney,345,4500
UCFh57GVojVOYcE8g0xjejXA,खाजूवाला जिला बनाओ संघर्ष समिति खाजूवाला,K9rjyJW_SRY,https://www.youtube.com/watch?v=K9rjyJW_SRY,पूगल मुस्लिमसमाज का खाजूवाला छतरगढ़ को बीकानेर में यथावत रखनेकेलिए एसडीएम को राज्यपाल के नाम ज्ञापन,19,10
UCFh57GVojVOYcE8g0xjejXA,खाजूवाला जिला बनाओ संघर्ष समिति खाजूवाला,eeT5z7dMeTo,https://www.youtube.com/watch?v=eeT5z7dMeTo,खाजूवाला छतरगढ़ को बीकानेर में यथावत रखने के लिए मुस्लिम समाज पूगल की रैली,31,15
UCFh57GVojVOYcE8g0xjejXA,खाजूवाला जिला बनाओ संघर्ष समिति खाजूवाला,rNI8bE7JiEQ,https://www.youtube.com/watch?v=rNI8bE7JiEQ,महाजन फील्ड फायरिंग रेंज(34 ganv) के बुजुर्ग की पुकार,97,24
UCFh57GVojVOYcE8g0xjejXA,खाजूवाला जिला बनाओ संघर्ष समिति खाजूवाला,hjXrNPQFvAE,https://www.youtube.com/watch?v=hjXrNPQFvAE,खाजूवाला बचाओ संघर्ष समिति के समर्थन मेBD KYD PHM के युवाओ की रैली ग्रामपंचायत22 KYDशामिल रहे,173,69
UCFh57GVojVOYcE8g0xjejXA,खाजूवाला जिला बनाओ संघर्ष समिति खाजूवाला,GWmpEhPK9UE,https://www.youtube.com/watch?v=GWmpEhPK9UE,वरिष्ठ नेता शहाबुद्दीन जी पडियार के सियासर चौगान में विचार,119,39
UCFh57GVojVOYcE8g0xjejXA,खाजूवाला जिला बनाओ संघर्ष समिति खाजूवाला,D1iZ3RVB7vk,https://www.youtube.com/watch?v=D1iZ3RVB7vk,आज ग्राम पंचायत सियासर चौगान में जिला बनाओ संघर्ष समिति की दस्तक,44,65
UCFh57GVojVOYcE8g0xjejXA,खाजूवाला जिला बनाओ संघर्ष समिति खाजूवाला,Ti7SUQ3ZQ2k,https://www.youtube.com/watch?v=Ti7SUQ3ZQ2k,सामरदा डायरेक्टर प्रतिनिधि अब्दुल सत्तार के विचार,143,99
UCFh57GVojVOYcE8g0xjejXA,खाजूवाला जिला बनाओ संघर्ष समिति खाजूवाला,Prl4s29l_7M,https://www.youtube.com/watch?v=Prl4s29l_7M,34 के kyd सरपंच मांगीलाल जी के विचार,157,34
